folder_path,title,url,domain,add_date,last_modified
Other Bookmarks,PaperCut MF : Web Print,https://print.odisee.be/app?service=page/UserWebPrint,print.odisee.be,1663136712,1770810178
Other Bookmarks,Doctoral training diary - Arenberg Doctoral School,https://set.kuleuven.be/phd/sap/diary,set.kuleuven.be,1700055782,1770810178
Other Bookmarks,Central lecture Research Integrity for starting PhD researchers – Research integrity,https://www.kuleuven.be/english/research/integrity/training/phdlecture,www.kuleuven.be,1647000280,1770810197
Other Bookmarks,AWA,https://awa.schrijfhulp.be/index.php#,awa.schrijfhulp.be,1646663891,1770810322
Other Bookmarks,02_PROCESS – Dysk Google,https://drive.google.com/drive/folders/1gLanRLtULeCae79gfe0VO9jJGhHtPK0K,drive.google.com,1617255969,1770810383
Other Bookmarks,Proceedings Index - Association of Collegiate Schools of Architecture,https://www.acsa-arch.org/proceedings-index/,www.acsa-arch.org,1709738545,1770811571
Bookmark Bar / praca,"HOME | Atelier Romain - spatial planning, urban design - Ghent",https://www.atelierromain.com/,www.atelierromain.com,1633552336,1770722865
Bookmark Bar / praca,Urban Platform - Architecture urbanism,https://www.urbanplatform.com/,www.urbanplatform.com,1633552336,1770723929
Bookmark Bar / praca,Landing page | urbain architect collective,https://urbain-ac.be/,urbain-ac.be,1633552336,1770722865
Bookmark Bar / Citography / TOOLS,SVS: Deep Star Maps,https://svs.gsfc.nasa.gov/3895,svs.gsfc.nasa.gov,1617104185,1770722821
Bookmark Bar / Citography / TOOLS,Street View Download 360,https://svd360.com/,svd360.com,1770723551,1770723560
Bookmark Bar / Citography / TOOLS,geojson.io | powered by Mapbox,https://geojson.io/#map=17.11/41.391833/2.165262,geojson.io,1770723565,1770723567
Bookmark Bar / Citography / TOOLS,AI Video Research & Innovation | Runway AI,https://runwayml.com/research,runwayml.com,1770797785,1770797794
Bookmark Bar / Citography / TOOLS,Overview | Introducing Adafruit Crickit #MakeRobotFriend | Adafruit Learning System,https://learn.adafruit.com/adafruit-crickit-creative-robotic-interactive-construction-kit,learn.adafruit.com,1711888948,1770799159
Bookmark Bar / Citography / TOOLS,Overview | Make it Move with Crickit | Adafruit Learning System,https://learn.adafruit.com/make-it-move-with-crickit,learn.adafruit.com,1711888948,1770799174
Bookmark Bar / Citography / TOOLS,Adafruit_Learning_System_Guides/Feedback_Servo_Record_and_Play at main · adafruit/Adafruit_Learning_System_Guides,https://github.com/adafruit/Adafruit_Learning_System_Guides/tree/main/Feedback_Servo_Record_and_Play,github.com,1712071857,1770799268
Bookmark Bar / Citography / TOOLS,Introduction — Adafruit Crickit Library 1.0 documentation,https://docs.circuitpython.org/projects/crickit/en/latest/,docs.circuitpython.org,1712304972,1770799280
Bookmark Bar / Citography / TOOLS,Videogrep,https://antiboredom.github.io/videogrep/,antiboredom.github.io,1770799759,1770799766
Bookmark Bar / Citography / TOOLS,GitHub - blackjack4494/yt-dlc: media downloader and library for various sites.,https://github.com/blackjack4494/yt-dlc,github.com,1770799770,1770799772
Bookmark Bar / Citography / TOOLS,Printable Free Vector Maps | Royalty-Free Vector Maps,https://freevectormaps.com/,freevectormaps.com,1770799827,1770799832
Bookmark Bar / Citography / TOOLS,Planet Earth Texture Maps - High Resolution,https://planetpixelemporium.com/earth8081.html,planetpixelemporium.com,1770799848,1770799852
Bookmark Bar / Citography / TOOLS,97 Photos & High Res Pictures - Getty Images,https://www.gettyimages.co.uk/search/2/image?events=700028150&family=editorial&page=2&sort=newest#license,www.gettyimages.co.uk,1770799858,1770799860
Bookmark Bar / Citography / TOOLS,Democratic Tsunami,https://tsdem.gitlab.io/app.html,tsdem.gitlab.io,1770799930,1770799932
Bookmark Bar / Citography / TOOLS,Iran has shut off internet access for its citizens amid fuel price protests | MIT Technology Review,https://www.technologyreview.com/2019/11/18/131930/iran-has-shut-off-internet-access-for-its-citizens-amid-fuel-price-protests/,www.technologyreview.com,1770799938,1770812541
Bookmark Bar / Citography / TOOLS,Global Protest Tracker - Google Sheets,https://docs.google.com/spreadsheets/d/1mEzzfbv40pYeb1_5an2hBdxfMuGRdq7V76rmuFvhHNY/edit?gid=0#gid=0,docs.google.com,1770800268,1770800275
Bookmark Bar / Citography / TOOLS,GitHub - eliemichel/MapsModelsImporter: A Blender add-on to import models from google maps,https://github.com/eliemichel/MapsModelsImporter,github.com,1770800515,1770800519
Bookmark Bar / Citography / TOOLS,Wolfram|Alpha Tour,https://www.wolframalpha.com/tour,www.wolframalpha.com,1697180701,1770801127
Bookmark Bar / Citography / TOOLS,ZoLa | NYC’s Zoning & Land Use Map,https://zola.planning.nyc.gov/l/lot/1/1998/24?aerial-year=aerials-2016&layer-groups=%5B%22building-footprints%22%2C%22commercial-overlays%22%2C%22street-centerlines%22%2C%22subway%22%2C%22tax-lots%22%2C%22zoning-districts%22%5D&print=false&search=false&selectedCouncilDistricts=%5B%222013%22%5D&selectedFirm=%5B%22A%22%2C%22Shaded%20X%22%2C%22V%22%5D&selectedOverlays=%5B%22C1-1%22%2C%22C1-2%22%2C%22C1-3%22%2C%22C1-4%22%2C%22C1-5%22%2C%22C2-1%22%2C%22C2-2%22%2C%22C2-3%22%2C%22C2-4%22%2C%22C2-5%22%5D&selectedPfirm=%5B%22A%22%2C%22Shaded%20X%22%2C%22V%22%5D&selectedZoning=%5B%22BP%22%2C%22C1%22%2C%22C2%22%2C%22C3%22%2C%22C4%22%2C%22C5%22%2C%22C6%22%2C%22C7%22%2C%22C8%22%2C%22M1%22%2C%22M2%22%2C%22M3%22%2C%22PA%22%2C%22R1%22%2C%22R10%22%2C%22R2%22%2C%22R3%22%2C%22R4%22%2C%22R5%22%2C%22R6%22%2C%22R7%22%2C%22R8%22%2C%22R9%22%5D&shouldRefresh=false#17.83/40.818202/-73.955672,zola.planning.nyc.gov,1770801189,1770801203
Bookmark Bar / Citography / TOOLS,Property Maps and More | Property Maps,https://www.nyc.gov/assets/finance/jump/property-data-maps/indexpage.html,www.nyc.gov,1699373591,1770801217
Bookmark Bar / Citography / TOOLS,View camera boundaries in user perspective? - Blender Stack Exchange,https://blender.stackexchange.com/questions/61215/view-camera-boundaries-in-user-perspective,blender.stackexchange.com,1722389612,1770801287
Bookmark Bar / Citography / TOOLS,Citographer.drawio - draw.io,https://app.diagrams.net/?src=about,app.diagrams.net,1725888650,1770801341
Bookmark Bar / Citography / TOOLS,OpenTopography - Data Catalog,https://portal.opentopography.org/dataCatalog?group=usgs,portal.opentopography.org,1732199448,1770801359
Bookmark Bar / Citography / TOOLS,GitHub - d3/d3-geo-projection: Extended geographic projections for d3-geo.,https://github.com/d3/d3-geo-projection,github.com,1770292852,1770802196
Bookmark Bar / Citography / TOOLS,Google AI Studio,https://aistudio.google.com/,aistudio.google.com,1770802734,1770802745
Bookmark Bar / Citography / TOOLS,Home | Bellingcat's Online Investigation Toolkit,https://bellingcat.gitbook.io/toolkit,bellingcat.gitbook.io,1770802773,1770802779
Bookmark Bar / Citography / TOOLS,Google Takeout,https://takeout.google.com/,takeout.google.com,1770810114,1770810139
Bookmark Bar / Citography / TOOLS,Forensic Architecture,https://github.com/forensic-architecture,github.com,1614151899,1770810469
Bookmark Bar / Citography / TOOLS,Nick Masterton / Camera Image Project · GitLab,https://gitlab.com/VupliDerts/camera-image-project,gitlab.com,1614152547,1770810484
Bookmark Bar / Citography / TOOLS,Contents — pptk 0.1.1 documentation,https://heremaps.github.io/pptk/index.html,heremaps.github.io,1658925690,1770812525
Bookmark Bar / Citography / TOOLS,tkinter — Python interface to Tcl/Tk — Python 3.10.5 documentation,https://docs.python.org/3/library/tkinter.html#the-packer,docs.python.org,1658925915,1770810705
Bookmark Bar / Citography / DATA,Select your identity provider,https://monitor.eduroam.org/sp/module.php/discopower/disco.php?entityID=https%3A%2F%2Fmonitor.eduroam.org%2Fsp%2Fmodule.php%2Fsaml%2Fsp%2Fmetadata.php%2Fdefault-sp&return=https%3A%2F%2Fmonitor.eduroam.org%2Fsp%2Fmodule.php%2Fsaml%2Fsp%2Fdiscoresp.php%3FAuthID%3D_82b6feb8ecc766a3d1d6e48d46201b14a20a0a4978%253Ahttps%253A%252F%252Fmonitor.eduroam.org%252Fsp%252Fsaml2%252Fidp%252FSSOService.php%253Fspentityid%253Dhttps%25253A%25252F%25252Fmonitor.eduroam.org%25252Flocalhost%25252Fmodule.php%25252Fsaml%25252Fsp%25252Fmetadata.php%25252Fdefault-sp%2526RelayState%253Dhttps%25253A%25252F%25252Fmonitor.eduroam.org%25252Finc%25252Fauth.php%25253Frurl%25253Dmonitor.eduroam.org%2525252Fmap_service_loc.php%2526cookieTime%253D1737622157&returnIDParam=idpentityid,monitor.eduroam.org,1737622278,1770723115
Bookmark Bar / Citography / DATA,antenna pole | 3D CAD Model Library | GrabCAD,https://grabcad.com/library/antenna-pole-1,grabcad.com,1770723316,1770723318
Bookmark Bar / Citography / DATA,Amazon AWS Data Centers & Locations,https://www.datacentermap.com/c/amazon-aws/datacenters/,www.datacentermap.com,1770723574,1770723585
Bookmark Bar / Citography / DATA,Meta’s Data Center Locations for Facebook and Instagram - Dgtl Infra,https://dgtlinfra.com/meta-data-center-locations-facebook/?utm_source=chatgpt.com,dgtlinfra.com,1770723624,1770723627
Bookmark Bar / Citography / DATA,"Meta, Inc. Data Center Locations",https://www.datacenters.com/providers/meta-inc/data-center-locations?utm_source=chatgpt.com,www.datacenters.com,1770723631,1770723633
Bookmark Bar / Citography / DATA,"The Best Data Center Locations Globally: Google, AWS, Microsoft, Equinix, and Meta - DataX Connect",https://dataxconnect.com/insights-the-best-data-center-locations-globally/?utm_source=chatgpt.com,dataxconnect.com,1770723639,1770723642
Bookmark Bar / Citography / DATA,Semaphore - Wikipedia,https://en.wikipedia.org/wiki/Semaphore,en.wikipedia.org,1732554178,1770723767
Bookmark Bar / Citography / DATA,How undersea cables are laid in the ocean? - YouTube,https://www.youtube.com/watch?v=C0rGoR5izpo,www.youtube.com,1732554178,1770723862
Bookmark Bar / Citography / DATA,Inside the Extreme Life of Divers Repairing Billion $ Underwater Cables - YouTube,https://www.youtube.com/watch?v=l1knCR6xAzo,www.youtube.com,1732554178,1770723881
Bookmark Bar / Citography / DATA,"Submarine Cable Installation: Tools for Power, Telecom, and Seismic Cables (MakaiLay) - YouTube",https://www.youtube.com/watch?v=Gg1aFmsKQgk&list=PLokGt-Zs-I1Fa5GGroyEZ3cNBGa_PKZPL,www.youtube.com,1732554178,1770723888
Bookmark Bar / Citography / DATA,Why Vulnerable Undersea Cables Still Power The Internet - Cheddar Explains - YouTube,https://www.youtube.com/watch?v=FZovPvTvu64,www.youtube.com,1732554178,1770723893
Bookmark Bar / Citography / DATA,Catalog | NYC Open Data,https://data.cityofnewyork.us/browse?q=Planimetric&sortBy=relevance&page=1&pageSize=20,data.cityofnewyork.us,1770797099,1770797105
Bookmark Bar / Citography / DATA,NYC Planimetric Database: Sidewalk | NYC Open Data,https://data.cityofnewyork.us/City-Government/NYC-Planimetric-Database-Sidewalk/vfx9-tbb6,data.cityofnewyork.us,1770797115,1770797118
Bookmark Bar / Citography / DATA,nyc-planimetrics/Capture_Rules.md at main · CityOfNewYork/nyc-planimetrics · GitHub,https://github.com/CityOfNewYork/nyc-planimetrics/blob/main/Capture_Rules.md,github.com,1770797125,1770797128
Bookmark Bar / Citography / DATA,nyc-geo-metadata/Metadata/Metadata_BuildingFootprints.md at main · CityOfNewYork/nyc-geo-metadata · GitHub,https://github.com/CityOfNewYork/nyc-geo-metadata/blob/main/Metadata/Metadata_BuildingFootprints.md,github.com,1770797133,1770797135
Bookmark Bar / Citography / DATA,New York City's Flood Vulnerability Index Map | NYC Open Data,https://data.cityofnewyork.us/Environment/New-York-City-s-Flood-Vulnerability-Index-Map/4vym-qrg3,data.cityofnewyork.us,1770797146,1770797148
Bookmark Bar / Citography / DATA,Sea Level Rise Maps (2050s 100-year Floodplain) | NYC Open Data,https://data.cityofnewyork.us/Environment/Sea-Level-Rise-Maps-2050s-100-year-Floodplain-/hbw8-2bah,data.cityofnewyork.us,1770797161,1770797163
Bookmark Bar / Citography / DATA,Digital City Map – Geodatabase | NYC Open Data,https://data.cityofnewyork.us/City-Government/Digital-City-Map-Geodatabase/eak9-f97n/about_data,data.cityofnewyork.us,1770797174,1770797176
Bookmark Bar / Citography / DATA,3-D Building Model | NYC Open Data,https://data.cityofnewyork.us/City-Government/3-D-Building-Model/tnru-abg2/about_data,data.cityofnewyork.us,1770797176,1770797178
Bookmark Bar / Citography / DATA,Mobile Telecommunications Franchise Pole Reservation Locations | NYC Open Data,https://data.cityofnewyork.us/City-Government/Mobile-Telecommunications-Franchise-Pole-Reservati/tbgj-tdd6/about_data,data.cityofnewyork.us,1770797182,1770797184
Bookmark Bar / Citography / DATA,Catalog | NYC Open Data,https://data.cityofnewyork.us/browse?q=%09Office+of+Technology+and+Innovation&sortBy=relevance&page=1&pageSize=20,data.cityofnewyork.us,1770797192,1770797194
Bookmark Bar / Citography / DATA,Broadband Adoption and Infrastructure by Zip Code | NYC Open Data,https://data.cityofnewyork.us/City-Government/Broadband-Adoption-and-Infrastructure-by-Zip-Code/qz5f-yx82/about_data,data.cityofnewyork.us,1770797198,1770797200
Bookmark Bar / Citography / DATA,LinkNYC Kiosk Locations | NYC Open Data,https://data.cityofnewyork.us/Social-Services/LinkNYC-Kiosk-Locations/s4kf-3yrf/about_data,data.cityofnewyork.us,1770797200,1770797202
Bookmark Bar / Citography / DATA,Internet Master Plan: Adoption and Infrastructure Data by Neighborhood | NYC Open Data,https://data.cityofnewyork.us/City-Government/Internet-Master-Plan-Adoption-and-Infrastructure-D/fg5j-q5nk/about_data,data.cityofnewyork.us,1770797213,1770797215
Bookmark Bar / Citography / DATA,2006 Ortho Tile Index | NYC Open Data,https://data.cityofnewyork.us/City-Government/2006-Ortho-Tile-Index/9e4i-rd56,data.cityofnewyork.us,1770797224,1770797226
Bookmark Bar / Citography / DATA,nyc-geo-metadata/Metadata/Metadata_AerialImagery.md at main · CityOfNewYork/nyc-geo-metadata · GitHub,https://github.com/CityOfNewYork/nyc-geo-metadata/blob/main/Metadata/Metadata_AerialImagery.md,github.com,1770797238,1770797240
Bookmark Bar / Citography / DATA,Untitled map,https://nyc.maps.arcgis.com/apps/mapviewer/index.html?layers=75b225ab7c8c402f85de74f7883d62a0,nyc.maps.arcgis.com,1770797271,1770797273
Bookmark Bar / Citography / DATA,NYC 1924,https://nyc.maps.arcgis.com/apps/mapviewer/index.html?layers=afbb5db6b3fd494384357923e6c72622,nyc.maps.arcgis.com,1770797407,1770797418
Bookmark Bar / Citography / DATA,Property Information Portal (PIP) - DOF,https://www.nyc.gov/site/finance/property/property-digital-tax-map.page,www.nyc.gov,1770801215,1770801239
Bookmark Bar / Citography / DATA,OpenCelliD - Largest Open Database of Cell Towers & Geolocation - by Unwired Labs,https://www.opencellid.org/?utm_source=chatgpt.com#zoom=16&lat=37.77889&lon=-122.41942,www.opencellid.org,1770802347,1770802364
Bookmark Bar / Citography / PROJECTS / DATA VISUALISATIONS,Satellite Map | Explore Active Satellites Orbiting Earth,https://geoxc-apps.bd.esri.com/space/satellite-explorer/,geoxc-apps.bd.esri.com,1770723337,1770723409
Bookmark Bar / Citography / PROJECTS / DATA VISUALISATIONS,Data Stories | Telling stories about and with planning and property data,https://datastories.maynoothuniversity.ie/,datastories.maynoothuniversity.ie,1714033116,1770799399
Bookmark Bar / Citography / PROJECTS / DATA VISUALISATIONS,Derek Taylor's Portfolio,https://dktaylor916.github.io/portfolio/,dktaylor916.github.io,1720098389,1770799562
Bookmark Bar / Citography / PROJECTS / DATA VISUALISATIONS,The GDELT Project,https://www.gdeltproject.org/,www.gdeltproject.org,1770799945,1770799950
Bookmark Bar / Citography / PROJECTS / DATA VISUALISATIONS,,https://www.wired.com/2010/11/ff_311_new_york/,www.wired.com,1770802286,1770802299
Bookmark Bar / Citography / PROJECTS / DATA VISUALISATIONS,anatomyof.ai,https://anatomyof.ai/,anatomyof.ai,1770802327,1770802332
Bookmark Bar / Citography / PROJECTS / DATA VISUALISATIONS,Work - Bestiario,https://www.bestiario.org/work/,www.bestiario.org,1770802414,1770802434
Bookmark Bar / Citography / PROJECTS / DATA VISUALISATIONS,Home - M-Lab,https://www.measurementlab.net/,www.measurementlab.net,1770802444,1770802456
Bookmark Bar / Citography / PROJECTS / DATA VISUALISATIONS,,https://www.aaronkoblin.com/project/flight-patterns/,www.aaronkoblin.com,1770802798,1770802817
Bookmark Bar / Citography / PROJECTS / DATA VISUALISATIONS,,https://therefugeeproject.org/#/2023,therefugeeproject.org,1770802806,1770802817
Bookmark Bar / Citography / PROJECTS / DATA VISUALISATIONS,flowingdata.com/2015/12/15/a-day-in-the-life-of-americans/,https://flowingdata.com/2015/12/15/a-day-in-the-life-of-americans/,flowingdata.com,1770802810,1770802817
Bookmark Bar / Citography / PROJECTS / DATA VISUALISATIONS,Showcase | deck.gl,https://deck.gl/showcase,deck.gl,1770802817,1770802832
Bookmark Bar / Citography / PROJECTS / DATA VISUALISATIONS,,http://www.fallen.io/ww2/,www.fallen.io,1770802839,1770802847
Bookmark Bar / Citography / PROJECTS / DATA VISUALISATIONS,,https://archive.org/details/visualcomplexity0000lima/mode/2up,archive.org,1770802848,1770802864
Bookmark Bar / Citography / PROJECTS / DATA VISUALISATIONS,Form der Erde,https://schweizerweltatlas.ch/swatools/ShapeOfEarth/ShapeOfEarth.de.html,schweizerweltatlas.ch,1770802852,1770802864
Bookmark Bar / Citography / PROJECTS / DATA VISUALISATIONS,,http://www.antoinedelach.com/GHOST-CELL%20/,www.antoinedelach.com,1770802939,1770802954
Bookmark Bar / Citography / PROJECTS / DATA VISUALISATIONS,They Rule,https://theyrule.net/about,theyrule.net,1770803032,1770803052
Bookmark Bar / Citography / PROJECTS / DATA VISUALISATIONS,applied | Legible London,https://appliedinformation.group/projects/legible-london,appliedinformation.group,1770803081,1770803100
Bookmark Bar / Citography / PROJECTS / DATA VISUALISATIONS,SHARE LAB – Research & Data Investigation Lab,https://labs.rs/en/,labs.rs,1770803382,1770803388
Bookmark Bar / Citography / PROJECTS / DATA VISUALISATIONS,New Extractivism,https://extractivism.online/,extractivism.online,1770803392,1770803405
Bookmark Bar / Citography / PROJECTS / TECH,This Person Does Not Exist - Random Face Generator,https://this-person-does-not-exist.com/en,this-person-does-not-exist.com,1770723531,1770723546
Bookmark Bar / Citography / PROJECTS / TECH,"Vintage Chart of the Electromagnetic Spectrum, and Nikola Tesla’s Historic Invention – Pictures of Infinity",https://picturesofinfinity.net/2016/08/23/vintage-chart-of-the-electromagnetic-spectrum-and-nikola-teslas-historic-invention/,picturesofinfinity.net,1718355769,1770799515
Bookmark Bar / Citography / PROJECTS / TECH,mmWave sensor | Responsible Sensing Lab,https://responsiblesensinglab.org/projects/mmwave-sensor,responsiblesensinglab.org,1719232052,1770799527
Bookmark Bar / Citography / PROJECTS / TECH,Home | Responsible Sensing Lab,https://responsiblesensinglab.org/,responsiblesensinglab.org,1770799542,1770799544
Bookmark Bar / Citography / PROJECTS / TECH,exonemo | realm,https://exonemo.com/realm/,exonemo.com,1770801592,1770801615
Bookmark Bar / Citography / PROJECTS / TECH,"VarCity - semantic and dynamic 3D city modelling from images, Computer Vision Laboratory, ETH Zurich",https://varcity.ethz.ch/,varcity.ethz.ch,1770802218,1770802251
Bookmark Bar / Citography / PROJECTS / TECH,Field-Works,https://field-works.net/,field-works.net,1770802596,1770802611
Bookmark Bar / Citography / PROJECTS / TECH,,https://www.mapillary.com/app/?lat=47.338344588214&lng=5.054625736875&z=17&pKey=1630283611126942&focus=photo&x=Infinity&y=-Infinity&zoom=0,www.mapillary.com,1770802695,1770802708
Bookmark Bar / Citography / PROJECTS / TECH,About – Safecast,https://safecast.org/about/,safecast.org,1770802860,1770802882
Bookmark Bar / Citography / PROJECTS / TECH,avs.auto/demo/index.html,https://avs.auto/demo/index.html,avs.auto,1770802948,1770802954
Bookmark Bar / Citography / PROJECTS / TECH,,https://fhp.incom.org/project/2247?utm_source=chatgpt.com,fhp.incom.org,1770803039,1770803052
Bookmark Bar / Citography / PROJECTS / TECH,,https://aaron-meyers.com/!/,aaron-meyers.com,1770803046,1770803052
Bookmark Bar / Citography / PROJECTS / TECH,,https://www.creativeapplications.net/project/situationist-iphone/,www.creativeapplications.net,1770803051,1770803052
Bookmark Bar / Citography / PROJECTS / TECH,nearfuturelaboratory.com/projects/2003/pdpal/,https://nearfuturelaboratory.com/projects/2003/pdpal/,nearfuturelaboratory.com,1770803184,1770803201
Bookmark Bar / Citography / PROJECTS / TECH,,https://citizensense.net/walks/,citizensense.net,1770803203,1770803216
Bookmark Bar / Citography / PROJECTS / TECH,docs.smartcitizen.me/about/#data-exploration-and-archiving,https://docs.smartcitizen.me/about/#data-exploration-and-archiving,docs.smartcitizen.me,1770803210,1770803216
Bookmark Bar / Citography / PROJECTS / TECH,CRIT – Shaowen Bardzell,https://shaowenbardzell.com/crit/,shaowenbardzell.com,1770810666,1770810673
Bookmark Bar / Citography / PROJECTS / TECH,After Hours - LANDSKIP,https://www.landskip.ch/After-Hours-1,www.landskip.ch,1708433828,1770811227
Bookmark Bar / Citography / PROJECTS / TECH,Research Projects — Artificial Intelligence and Environmental Design Lab,https://www.computationalarchitecturelab.org/work,www.computationalarchitecturelab.org,1709888243,1770811893
Bookmark Bar / Citography / PROJECTS / ARCH,Oliver Parkinson – UNIT 21,https://unit-21.com/?p=8536,unit-21.com,1770796480,1770796500
Bookmark Bar / Citography / PROJECTS / ARCH,Bureau Spectacular (@_bureauspectacular) • Instagram photos and videos,https://www.instagram.com/_bureauspectacular/,www.instagram.com,1616399359,1770797481
Bookmark Bar / Citography / PROJECTS / ARCH,GIF and Politics of Space | gifcritique,https://gifcritique.wixsite.com/gifcritique/gif-and-politics-of-space,gifcritique.wixsite.com,1616399276,1770797515
Bookmark Bar / Citography / PROJECTS / ARCH,Bureau Spectacular,https://bureau-spectacular.net/?utm_source=ig&utm_medium=social&utm_content=link_in_bio&fbclid=PAZXh0bgNhZW0CMTEAc3J0YwZhcHBfaWQMMjU2MjgxMDQwNTU4AAGn6G1ECMuldF4IcNGcHgATzWLI_TrFY_yBhDq_GbTtGtPWMZLLqNu60Q8511I_aem_c8eQXr2dkUBgrBTWiDEyFg,bureau-spectacular.net,1770797519,1770797521
Bookmark Bar / Citography / PROJECTS / ARCH,"ThesisWorld — Alephograph: Architecture, drawing and video games.",https://www.alephograph.com/thesisworld,www.alephograph.com,1616084830,1770797660
Bookmark Bar / Citography / PROJECTS / ARCH,You+Pea,https://www.youandpea.com/,www.youandpea.com,1770797716,1770797718
Bookmark Bar / Citography / PROJECTS / ARCH,Hong Kong protests: Measuring the masses,https://www.reuters.com/graphics/HONGKONG-EXTRADITION-PROTESTS/0100B01001H/,www.reuters.com,1770798527,1770798532
Bookmark Bar / Citography / PROJECTS / ARCH,"On Devirtualization, how the physical contorts to satisfy the virtual.",https://www.punctr.art/on-devirtualization/,www.punctr.art,1770798767,1770798772
Bookmark Bar / Citography / PROJECTS / ARCH,CABINET / Electrical Walks,https://www.cabinetmagazine.org/issues/21/kubisch.php,www.cabinetmagazine.org,1770798963,1770798970
Bookmark Bar / Citography / PROJECTS / ARCH,the CLOUD - raisethecloud.org - london 2012,http://www.raisethecloud.org/#gallery,www.raisethecloud.org,1770799004,1770799011
Bookmark Bar / Citography / PROJECTS / ARCH,Galería Réplica – Extractivismos,https://extractivismos.galeriareplica.cl/,extractivismos.galeriareplica.cl,1770799093,1770799098
Bookmark Bar / Citography / PROJECTS / ARCH,Traffic,https://trafficcollective.com/,trafficcollective.com,1714032993,1770799311
Bookmark Bar / Citography / PROJECTS / ARCH,Superstudio Migrazioni - Exhibition Movie by Studio Alfons Meyer on Vimeo,https://vimeo.com/500814727,vimeo.com,1770799833,1770799843
Bookmark Bar / Citography / PROJECTS / ARCH,Strategies – AAA,http://www.urbantactics.org/project_type/strategies/,www.urbantactics.org,1770800057,1770800064
Bookmark Bar / Citography / PROJECTS / ARCH,Sonic Cities,https://senseable.mit.edu/sonic-cities/,senseable.mit.edu,1770800123,1770800125
Bookmark Bar / Citography / PROJECTS / ARCH,Urban Cinematics and the Revenge of Place / François Penz for the Shenzhen Biennale (UABB) 2019 | ArchDaily,https://www.archdaily.com/927236/urban-cinematics-and-the-revenge-of-place-francois-penz-for-the-shenzhen-biennale-uabb-2019,www.archdaily.com,1770800239,1770800248
Bookmark Bar / Citography / PROJECTS / ARCH,"Eyes of the City: Carlo Ratti, Politecnico di Torino and SCUT on Their Curatorial Theme of Shenzhen Biennale 2019 | ArchDaily",https://www.archdaily.com/914539/how-will-we-live-with-the-eyes-of-the-street-carlo-ratti-michele-bonino-and-sun-yimin-on-the-theme-of-shenzhen-biennial-2019,www.archdaily.com,1770800249,1770800263
Bookmark Bar / Citography / PROJECTS / ARCH,Damjan Jovanovic,https://dmjn.net/,dmjn.net,1770800441,1770800445
Bookmark Bar / Citography / PROJECTS / ARCH,Lifeforms,https://lifeforms.io/,lifeforms.io,1770800466,1770800477
Bookmark Bar / Citography / PROJECTS / ARCH,About - Worldmaking,https://worldmaking.xyz/About,worldmaking.xyz,1770800487,1770800490
Bookmark Bar / Citography / PROJECTS / ARCH,Wi-fi structures and people shapes | by Dan Hill | A chair in a room | Medium,https://medium.com/a-chair-in-a-room/wi-fi-structures-and-people-shapes-b95462779235,medium.com,1770800545,1770800563
Bookmark Bar / Citography / PROJECTS / ARCH,Aesthetics Of Exclusion,https://www.aestheticsofexclusion.com/overview,www.aestheticsofexclusion.com,1770800599,1770800653
Bookmark Bar / Citography / PROJECTS / ARCH,Archive - Studio Joost Grootens,https://www.joostgrootens.nl/archive,www.joostgrootens.nl,1695733208,1770800967
Bookmark Bar / Citography / PROJECTS / ARCH,Lexicon of Design Research,http://www.lexiconofdesignresearch.com/lexicon/texts/thinking_through_making,www.lexiconofdesignresearch.com,1695733813,1770801008
Bookmark Bar / Citography / PROJECTS / ARCH,Lexicon of Design Research,http://www.lexiconofdesignresearch.com/contact_593,www.lexiconofdesignresearch.com,1770801041,1770801057
Bookmark Bar / Citography / PROJECTS / ARCH,bplus.xyz adaptive reuse architecture,https://bplus.xyz/en/,bplus.xyz,1770801303,1770801322
Bookmark Bar / Citography / PROJECTS / ARCH,Numen / For Use » About,https://numen.eu/home/contact/,numen.eu,1725795913,1770801322
Bookmark Bar / Citography / PROJECTS / ARCH,Lydia Jessup,https://www.lydiajessup.me/,www.lydiajessup.me,1770801538,1770801546
Bookmark Bar / Citography / PROJECTS / ARCH,Ultramoderne—Architecture—SF Bay—Providence RI,https://www.ultramoderne.net/projects.php#13text,www.ultramoderne.net,1770801627,1770801633
Bookmark Bar / Citography / PROJECTS / ARCH,"hortence – hortence is the research centre for Architectural History, Theory and Criticism of the Faculty of Architecture La Cambre-Horta of the Université libre de Bruxelles",https://hortence.com/,hortence.com,1769433189,1770801878
Bookmark Bar / Citography / PROJECTS / ARCH,aaronkoblin.com,https://www.aaronkoblin.com/,www.aaronkoblin.com,1770802273,1770802283
Bookmark Bar / Citography / PROJECTS / ARCH,MKCA — Signal Space,https://mkca.com/projects/signal-space/,mkca.com,1770802311,1770802315
Bookmark Bar / Citography / PROJECTS / ARCH,,https://cd-labor.de/lehre/planetary-urbanism/city-update/,cd-labor.de,1770802317,1770802332
Bookmark Bar / Citography / PROJECTS / ARCH,Subversive Cities :: Future Architecture,https://futurearchitectureplatform.org/projects/175a4f6d-3fb5-48b8-a851-21481a20c2a6/,futurearchitectureplatform.org,1770802323,1770802332
Bookmark Bar / Citography / PROJECTS / ARCH,,https://stamen.com/work/big-glass-microphone/,stamen.com,1770802432,1770802456
Bookmark Bar / Citography / PROJECTS / ARCH,Investigations ← Forensic Architecture,https://forensic-architecture.org/?utm_source=chatgpt.com,forensic-architecture.org,1770802744,1770802762
Bookmark Bar / Citography / PROJECTS / ARCH,,https://situ.nyc/research/projects/euromaidan-event-reconstruction?utm_source=chatgpt.com,situ.nyc,1770802779,1770802795
Bookmark Bar / Citography / PROJECTS / ARCH,,https://carlijnkingma.com/The-Waterworks-of-Money,carlijnkingma.com,1770802873,1770802882
Bookmark Bar / Citography / PROJECTS / ARCH,,https://www.cristianotoraldodifrancia.it/continuous-monument/,www.cristianotoraldodifrancia.it,1770802912,1770802922
Bookmark Bar / Citography / PROJECTS / ARCH,,https://cd-labor.de/lehre/planetary-urbanism/urban-mining/,cd-labor.de,1770802924,1770802939
Bookmark Bar / Citography / PROJECTS / ARCH,,https://scanlabprojects.co.uk/about/,scanlabprojects.co.uk,1770802957,1770802970
Bookmark Bar / Citography / PROJECTS / ARCH,,https://sketchfab.com/prwurech/models,sketchfab.com,1770802999,1770803004
Bookmark Bar / Citography / PROJECTS / ARCH,,https://normalfutu.re/lab/,normalfutu.re,1770803021,1770803037
Bookmark Bar / Citography / PROJECTS / ARCH,,https://www.dwbowen.com/phototropic-drawing-device,www.dwbowen.com,1770803059,1770803068
Bookmark Bar / Citography / PROJECTS / ARCH,,https://www.smoutallen.com/envirographic-instruments,www.smoutallen.com,1770803073,1770803085
Bookmark Bar / Citography / PROJECTS / ARCH,Exhibition: The Machine Stops - danielkbrown,https://cargocollective.com/danielkbrown/Exhibition-The-Machine-Stops,cargocollective.com,1770809815,1770809851
Bookmark Bar / Citography / PROJECTS / ARCH,Antigone - Set Design - RS Architecture and Design Studio,https://www.rsarchitecture-studio.com/projects/antigone-set-design/,www.rsarchitecture-studio.com,1770810505,1770810521
Bookmark Bar / Citography / PROJECTS / ARCH,d_3_workingtides_web.jpg (1200×396),https://worldarchitecture.org/cdnimgfiles/extuploadc/d_3_workingtides_web.jpg,worldarchitecture.org,1652249224,1770812682
Bookmark Bar / Citography / PROJECTS / ARCH,Whatever Urbanism by Maria Arquero de Alarcon - Issuu,https://issuu.com/marquero/docs/20190317_tamud_l,issuu.com,1694072981,1770810757
Bookmark Bar / Citography / PROJECTS / ARCH,ThinkArchitecture,http://www.thinkarchitecture.net/,www.thinkarchitecture.net,1694073796,1770810806
Bookmark Bar / Citography / PROJECTS / ARCH,Shared Cities Atlas,https://www.sharedcities.eu/material/shared-cities-atlas/index.html,www.sharedcities.eu,1694074046,1770810869
Bookmark Bar / Citography / PROJECTS / ARCH,Work,https://wordsinspace.net/work/,wordsinspace.net,1770810985,1770811002
Bookmark Bar / Citography / PROJECTS / ARCH,BEEWARE – IAAC Blog,https://www.iaacblog.com/programs/beeware/,www.iaacblog.com,1708436056,1770812712
Bookmark Bar / Citography / PROJECTS / ARCH,Mapping – IAAC Blog,https://www.iaacblog.com/tag/mapping/,www.iaacblog.com,1708436317,1770812712
Bookmark Bar / Citography / PROJECTS / ARCH,Projects — Mathur / Da Cunha,https://www.mathurdacunha.com/projects,www.mathurdacunha.com,1770811366,1770811373
Bookmark Bar / Citography / PROJECTS / ARCH,Smout Allen,https://www.smoutallen.com/,www.smoutallen.com,1727381468,1770812158
Bookmark Bar / Citography / PROJECTS / ART,A Vernacular of File Formats - ▋▅▉▝▊ || beyond resolution,https://beyondresolution.info/A-Vernacular-of-File-Formats,beyondresolution.info,1770798552,1770798577
Bookmark Bar / Citography / PROJECTS / ART,Clemens von Wedemeyer - 70.001 on Vimeo,https://vimeo.com/346702976/cff5dcc99b,vimeo.com,1770798805,1770798811
Bookmark Bar / Citography / PROJECTS / ART,Clemens von Wedemeyer - Crowd Control on Vimeo,https://vimeo.com/277782235/ae5547ecfa,vimeo.com,1770798824,1770798826
Bookmark Bar / Citography / PROJECTS / ART,Video on Vimeo,https://vimeo.com/268137763,vimeo.com,1770798828,1770798831
Bookmark Bar / Citography / PROJECTS / ART,"Hito Steyerl, How Not to be Seen: A Fucking Didactic Educational .MOV File, 2013",https://www.artforum.com/video/hito-steyerl-how-not-to-be-seen-a-fucking-didactic-educational-mov-file-2013-165845/,www.artforum.com,1770798873,1770798878
Bookmark Bar / Citography / PROJECTS / ART,Memories From Stream City – Fictional Journal,https://www.fictional-journal.com/memories-from-stream-city/,www.fictional-journal.com,1770798908,1770798913
Bookmark Bar / Citography / PROJECTS / ART,TRIOPIC SPECTACLE @ARS Electronica Festival 2021 – department of experimental architecture | building design and construction,https://www.exparch.at/2021/08/triopicspectacle/,www.exparch.at,1770799086,1770799091
Bookmark Bar / Citography / PROJECTS / ART,SOMEONE – S+T+ARTS Prize,https://starts-prize.aec.at/en/someone/,starts-prize.aec.at,1770800789,1770800815
Bookmark Bar / Citography / PROJECTS / ART,Studio Joost Grootens,https://www.joostgrootens.nl/,www.joostgrootens.nl,1770800993,1770801008
Bookmark Bar / Citography / PROJECTS / ART,Night Walk for Edinburgh | Janet Cardiff & George Bures Miller,https://cardiffmiller.com/walks/night-walk-for-edinburgh/,cardiffmiller.com,1697556504,1770801127
Bookmark Bar / Citography / PROJECTS / ART,Cinema Redux | Brendan Dawes | Big Bang Data,https://bigbangdata.cccb.org/en/cinema-redux-by-brendan-dawes/,bigbangdata.cccb.org,1769678004,1770802142
Bookmark Bar / Citography / PROJECTS / ART,"CreativeApplications.Net – Technology, Society, and Critical Making (Since 2008)",https://www.creativeapplications.net/,www.creativeapplications.net,1769787368,1770802153
Bookmark Bar / Citography / PROJECTS / ART,julianoliver.com/projects/pink-cell-tower/,https://julianoliver.com/projects/pink-cell-tower/,julianoliver.com,1770802453,1770802475
Bookmark Bar / Citography / PROJECTS / ART,,https://criticalengineering.org/,criticalengineering.org,1770802461,1770802475
Bookmark Bar / Citography / PROJECTS / ART,cardiffmiller.com/walks/,https://cardiffmiller.com/walks/,cardiffmiller.com,1770802489,1770802490
Bookmark Bar / Citography / PROJECTS / ART,My Ghost,https://teaching.ellenmueller.com/walking/2022/07/02/jeremy-wood-my-ghost-2000-2016/,teaching.ellenmueller.com,1770802503,1770802521
Bookmark Bar / Citography / PROJECTS / ART,,https://www.fondation-langlois.org/html/e/page.php?NumPage=329,www.fondation-langlois.org,1770802563,1770802578
Bookmark Bar / Citography / PROJECTS / ART,,https://www.mat.ucsb.edu/g.legrady/glWeb/Projects/celltango/cell.html,www.mat.ucsb.edu,1770802569,1770802578
Bookmark Bar / Citography / PROJECTS / ART,,https://www.theboxplymouth.com/past-projects/making-it/christopher-baker-hello-world,www.theboxplymouth.com,1770802573,1770802578
Bookmark Bar / Citography / PROJECTS / ART,JOUABLE/Ateliers GPS_Movies_21_2,https://artsplastiques.univ-paris8.fr/arplafr/www.ciren.org/ciren/laboratoires/gps_movies/index2.html,artsplastiques.univ-paris8.fr,1770802609,1770802626
Bookmark Bar / Citography / PROJECTS / ART,,https://v2.nl/people/wilfried-hou-je-bek,v2.nl,1770802615,1770802626
Bookmark Bar / Citography / PROJECTS / ART,,http://proboscis.org.uk/projects/2000-2005/urban-tapestries/,proboscis.org.uk,1770802619,1770802626
Bookmark Bar / Citography / PROJECTS / ART,,https://electricalwalks.org/electrical-walks/,electricalwalks.org,1770802628,1770802644
Bookmark Bar / Citography / PROJECTS / ART,,https://firstchoiceforlastplace.com/2019/08/14/christina-kubisch-and-her-electrical-walks/,firstchoiceforlastplace.com,1770802633,1770802644
Bookmark Bar / Citography / PROJECTS / ART,,https://christinakubisch.de/,christinakubisch.de,1770802637,1770802644
Bookmark Bar / Citography / PROJECTS / ART,pain.yugo.at,https://pain.yugo.at/,pain.yugo.at,1770802641,1770802644
Bookmark Bar / Citography / PROJECTS / ART,C.A.P.E.,https://crew.brussels/en/productions/c-a-p-e,crew.brussels,1770802645,1770802660
Bookmark Bar / Citography / PROJECTS / ART,C.A.P.E. Pierrefonds,https://crew.brussels/en/productions/cape-pierrefonds,crew.brussels,1770802650,1770802660
Bookmark Bar / Citography / PROJECTS / ART,R_R_EN-med.pdf,about:invalid#zGuavaz,,1770802664,1770802676
Bookmark Bar / Citography / PROJECTS / ART,Constant,https://constantvzw.org/site/,constantvzw.org,1770802674,1770802676
Bookmark Bar / Citography / PROJECTS / ART,Mobzombies,https://nearfuturelaboratory.com/projects/2007/mobzombies/,nearfuturelaboratory.com,1770802679,1770802691
Bookmark Bar / Citography / PROJECTS / ART,Videogame Atlas — You+Pea,https://youtu.be/Nb6dQ6CpdUA,youtu.be,1770802985,1770803004
Bookmark Bar / Citography / PROJECTS / ART,,https://depts.washington.edu/tatlab/trace/,depts.washington.edu,1770803025,1770803037
Bookmark Bar / Citography / PROJECTS / ART,tele-present wind — David Bowen,https://www.dwbowen.com/telepresent-wind,www.dwbowen.com,1770803064,1770803068
Bookmark Bar / Citography / PROJECTS / ART,,https://machinicprotocols.com/,machinicprotocols.com,1770803069,1770803085
Bookmark Bar / Citography / PROJECTS / ART,The Immaterials project,http://www.elasticspace.com/2013/09/the-immaterials-project,www.elasticspace.com,1770803103,1770803118
Bookmark Bar / Citography / PROJECTS / ART,TA - Oceans in transformation - North Sea to Red Sea,https://www.territorialagency.com/oceansintransformation-3/trajectory-north-sea-to-red-sea,www.territorialagency.com,1770803109,1770803118
Bookmark Bar / Citography / PROJECTS / ART,transverse-art.com/oeuvre/space-media/,https://transverse-art.com/oeuvre/space-media/,transverse-art.com,1770803121,1770803133
Bookmark Bar / Citography / PROJECTS / ART,,https://www.blasttheory.co.uk/projects/can-you-see-me-now/,www.blasttheory.co.uk,1770803156,1770803167
Bookmark Bar / Citography / PROJECTS / ART,blasttheory.co.uk/projects/uncle-roy-all-around-you/,https://www.blasttheory.co.uk/projects/uncle-roy-all-around-you/,www.blasttheory.co.uk,1770803161,1770803167
Bookmark Bar / Citography / PROJECTS / ART,benayoun.com/Labylogb.html,https://www.benayoun.com/Labylogb.html,www.benayoun.com,1770803165,1770803167
Bookmark Bar / Citography / PROJECTS / ART,,"https://www.polakvanbekkum.com/works/video/nomadicmilk/#:~:text=The%20NomadicMILK%20project%20tracks%20the,family%20during%20the%20dry%20season.",www.polakvanbekkum.com,1770803169,1770803186
Bookmark Bar / Citography / PROJECTS / ART,,https://yugo.at/projects/citycpu,yugo.at,1770803191,1770803201
Bookmark Bar / Citography / PROJECTS / ART,,https://atlas.smartforests.net/en/,atlas.smartforests.net,1770803199,1770803216
Bookmark Bar / Citography / PROJECTS / ART,,https://brendandawes.com/projects/cinema-redux,brendandawes.com,1770803214,1770803231
Bookmark Bar / Citography / PROJECTS / ART,studiodrift.com/works/,https://studiodrift.com/works/,studiodrift.com,1770803221,1770803231
Bookmark Bar / Citography / PROJECTS / ART,The City System - Lee M Walton,https://www.leewalton.com/everything/the-city-system2,www.leewalton.com,1770803431,1770803444
Bookmark Bar / Citography / PROJECTS / ART,Burlington Contemporary - Reviews,https://contemporary.burlington.org.uk/reviews/reviews/james-bridles-new-dark-age?gad_source=1&gad_campaignid=22301957990&gbraid=0AAAAA-s-V8QGVCGCsxVqrA9QxUFecSZoR&gclid=Cj0KCQiA7rDMBhCjARIsAGDBuEAyC4ZxMRC2i0oF-EF_08jX7pxgI2-MAXqLweAcnvYizTcAC6vm3xIaAjbmEALw_wcB,contemporary.burlington.org.uk,1770809481,1770809489
Bookmark Bar / Citography / PROJECTS / ART,The Nooscope Manifested - Fritz ai,https://fritz.ai/nooscope/,fritz.ai,1770809689,1770809693
Bookmark Bar / Citography / PROJECTS / ART,Speculative Life,https://www.speculativelife.com/,www.speculativelife.com,1708090893,1770811186
Bookmark Bar / Citography / PROJECTS / ART,New Art City: Virtual Art Space,https://newart.city/,newart.city,1727092923,1770812091
Bookmark Bar / Citography / PROJECTS / ART,Don Hanson artist designer audiovisual electronic music New Art City,https://donhanson.art/,donhanson.art,1770812098,1770812113
Bookmark Bar / Citography / PROJECTS / ART,"Photogenic Divinity!, by Liana Lee",https://newart.city/show/liana-filter-space-ny,newart.city,1770812113,1770812113
Bookmark Bar / Citography / PROJECTS / ART,julian oliver/history/,https://julianoliver.com/history/,julianoliver.com,1727093295,1770812126
Bookmark Bar / Citography / PROJECTS / ART,ralf baecker - Mirage,https://rlfbckr.io/project/mirage/,rlfbckr.io,1727871380,1770812171
Bookmark Bar / Citography / PROJECTS / ART,- Abelardo Gil-Fournier,https://abelardogfournier.org/,abelardogfournier.org,1727935392,1770812182
Bookmark Bar / Citography / PROJECTS / ART,Workshops - Abelardo Gil-Fournier,https://abelardogfournier.org/workshops,abelardogfournier.org,1727935809,1770812195
Bookmark Bar / Citography / PROJECTS / ART,jenny odell • satellite collections,https://www.jennyodell.com/satellite.html,www.jennyodell.com,1728375304,1770812232
Bookmark Bar / Citography / PROJECTS / ART,jenny odell • satellite landscapes,https://www.jennyodell.com/satellite-landscapes.html,www.jennyodell.com,1728375404,1770812232
Bookmark Bar / Citography / PROJECTS / MAPS,On Googling Richard Hamilton’s Maps of Palestine – greg.org,https://greg.org/archive/2014/01/13/on-googling-richard-hamiltons-maps-of-palestine.html,greg.org,1697727606,1770801172
Bookmark Bar / Citography / PROJECTS / MAPS,Discover NYC Landmarks,https://experience.arcgis.com/experience/fa1bcaad31374a88839da3f0166e640a/page/Page/,experience.arcgis.com,1720890078,1770801287
Bookmark Bar / Citography / PROJECTS / MAPS,Feral Atlas,https://feralatlas.org/,feralatlas.org,1770801557,1770801565
Bookmark Bar / Citography / PROJECTS / MAPS,50 Years Later: A Map and Eleven Episodes of the 1967 Six Day War and the Palestinian Naksa - THE FUNAMBULIST MAGAZINE,https://thefunambulist.net/editorials/50-years-later-map-eleven-episodes-1967-six-day-war-palestinian-naksa,thefunambulist.net,1770801637,1770801644
Bookmark Bar / Citography / PROJECTS / MAPS,Mapping Inequality,https://dsl.richmond.edu/panorama/redlining/map/IL/Chicago/areas#loc=12/41.807/-87.7557,dsl.richmond.edu,1769416037,1770801767
Bookmark Bar / Citography / PROJECTS / MAPS,Exhibition | Big Bang Data,https://bigbangdata.cccb.org/en/sec-exhibition/,bigbangdata.cccb.org,1769676163,1770802142
Bookmark Bar / Citography / PROJECTS / MAPS,The True Size Of ...,https://thetruesize.com/#?borders=1~!MTYyNzc5NjM.MTUyMzc5Nw*MzYwMDAwMDA%28MA~!CONTIGUOUS_US*MTAwMjQwNzU.MjUwMjM1MTc%28MTc1%29MQ~!IN*NDE0Njc4OQ.Nzk0NDEyMQ%29Mg~!CN*OTkyMTY5Nw.NzMxNDcwNQ%28MjI1%29Mw,thetruesize.com,1770802186,1770802196
Bookmark Bar / Citography / PROJECTS / MAPS,Treepedia :: MIT Senseable City Lab,https://senseable.mit.edu/treepedia/cities/amsterdam,senseable.mit.edu,1770802243,1770802251
Bookmark Bar / Citography / PROJECTS / MAPS,Real Time Rome,https://senseable.mit.edu/realtimerome/?utm_source=chatgpt.com,senseable.mit.edu,1770802251,1770802266
Bookmark Bar / Citography / PROJECTS / MAPS,SENSEable city lab | wikicity rome,https://senseable.mit.edu/wikicity/rome/?utm_source=chatgpt.com,senseable.mit.edu,1770802256,1770802266
Bookmark Bar / Citography / PROJECTS / MAPS,,https://waag.org/en/project/amsterdam-realtime/?utm_source=chatgpt.com,waag.org,1770802260,1770802266
Bookmark Bar / Citography / PROJECTS / MAPS,,https://www.aaronkoblin.com/project/amsterdam-sms/,www.aaronkoblin.com,1770802267,1770802283
Bookmark Bar / Citography / PROJECTS / MAPS,A New Home for Field Papers | Stamen,https://stamen.com/a-new-home-for-field-papers/,stamen.com,1770802298,1770802315
Bookmark Bar / Citography / PROJECTS / MAPS,Open Infrastructure Map,https://openinframap.org/?utm_source=chatgpt.com#12.63/47.09277/2.27992,openinframap.org,1770802334,1770802348
Bookmark Bar / Citography / PROJECTS / MAPS,submarinecablemap.com/?utm_source=chatgpt.com,https://www.submarinecablemap.com/?utm_source=chatgpt.com,www.submarinecablemap.com,1770802338,1770802348
Bookmark Bar / Citography / PROJECTS / MAPS,infrapedia.com/?utm_source=chatgpt.com,https://www.infrapedia.com/?utm_source=chatgpt.com,www.infrapedia.com,1770802343,1770802348
Bookmark Bar / Citography / PROJECTS / MAPS,Wigle,https://wigle.net/,wigle.net,1770802363,1770802380
Bookmark Bar / Citography / PROJECTS / MAPS,Technopolice,https://technopolice.be/,technopolice.be,1770802380,1770812848
Bookmark Bar / Citography / PROJECTS / MAPS,Strava's Global Heatmap,https://www.strava.com/maps/global-heatmap?utm_source=chatgpt.com&sport=All&style=dark&terrain=false&labels=true&poi=true&cPhotos=true&gColor=blue&gOpacity=100#10/37.8503/-122.2772,www.strava.com,1770802386,1770802399
Bookmark Bar / Citography / PROJECTS / MAPS,Twitter Fisher,https://www.elledecor.com/it/best-of/a28678694/maps-eric-fischer-photos-flickr-tweet/,www.elledecor.com,1770802390,1770802415
Bookmark Bar / Citography / PROJECTS / MAPS,haque.co.uk/work/thingful/,https://haque.co.uk/work/thingful/,haque.co.uk,1770802423,1770802434
Bookmark Bar / Citography / PROJECTS / MAPS,publicartfund.org/exhibitions/view/her-long-black-hair/,https://www.publicartfund.org/exhibitions/view/her-long-black-hair/,www.publicartfund.org,1770802493,1770802506
Bookmark Bar / Citography / PROJECTS / MAPS,,http://www.sf.biomapping.net/download.htm,www.sf.biomapping.net,1770802534,1770802546
Bookmark Bar / Citography / PROJECTS / MAPS,"George Legrady - Pockets Full of Memories II, Interactive Installation 2003-2006 - YouTube",https://www.youtube.com/watch?v=W2eNTVVjC9g&embeds_widget_referrer=https%3A%2F%2Fmiro.com%2F&embeds_referring_euri=https%3A%2F%2Fcdn.embedly.com%2F&embeds_referring_origin=https%3A%2F%2Fcdn.embedly.com&source_ve_path=MjM4NTE,www.youtube.com,1770802548,1770802562
Bookmark Bar / Citography / PROJECTS / MAPS,mapping mapping - Miro,https://miro.com/app/board/uXjVGNYYSd0=/,miro.com,1770802552,1770802562
Bookmark Bar / Citography / PROJECTS / MAPS,Aesthetics Of Exclusion,https://www.aestheticsofexclusion.com/projects/javastraat-cloud,www.aestheticsofexclusion.com,1770800680,1770802595
Bookmark Bar / Citography / PROJECTS / MAPS,Map | BuildTheEarth,https://buildtheearth.net/map?z=13.2&lat=45.67652715812059&lng=-74.02051415165921,buildtheearth.net,1770802687,1770802708
Bookmark Bar / Citography / PROJECTS / MAPS,Google Maps,"https://www.google.com/maps?ll=62.282578,3.872573&z=5&t=h&hl=en-GB&gl=US&mapclient=embed",www.google.com,1770802715,1770802728
Bookmark Bar / Citography / PROJECTS / MAPS,antievictionmappingproject.net/narratives.html,https://www.antievictionmappingproject.net/narratives.html,www.antievictionmappingproject.net,1770802757,1770802762
Bookmark Bar / Citography / PROJECTS / MAPS,ejatlas.org,https://ejatlas.org/,ejatlas.org,1770802764,1770802779
Bookmark Bar / Citography / PROJECTS / MAPS,,https://notanatlas.org/maps/information-overload/,notanatlas.org,1770802768,1770802779
Bookmark Bar / Citography / PROJECTS / MAPS,,https://www.queeringthemap.com/?utm_source=chatgpt.com,www.queeringthemap.com,1770802786,1770802795
Bookmark Bar / Citography / PROJECTS / MAPS,Map Sensor.Community,https://maps.sensor.community/?utm_source=chatgpt.com#3/40.00/15.00,maps.sensor.community,1770802822,1770802832
Bookmark Bar / Citography / PROJECTS / MAPS,NoiseCapture interactive community map,https://noise-planet.org/map_noisecapture/index.html#17/51.05380/3.72315/,noise-planet.org,1770802830,1770802832
Bookmark Bar / Citography / PROJECTS / MAPS,2021: Uncivil Wars — Joyce Kozloff,http://www.joycekozloff.net/new-gallery-1/eq78qvshl9erkzf4qileyd54zxpe3l,www.joycekozloff.net,1695201611,1770811063
Bookmark Bar / Citography / PROJECTS / MAPS,pluto_datadictionary.pdf (SECURED),about:invalid#zGuavaz,,1770811073,1770811089
Bookmark Bar / Citography / PROJECTS / MAPS,HoogspanningsNet Netkaart,https://webkaart.hoogspanningsnet.com/index2.php#9/50.6399/4.0540,webkaart.hoogspanningsnet.com,1770811918,1770811936
Bookmark Bar / Citography / PROJECTS / MAPS,Shipmap.org | Visualisation of Global Cargo Ships | By Kiln and UCL,https://www.shipmap.org/,www.shipmap.org,1727967769,1770812216
Bookmark Bar / Citography / EVENTS AND PLACES,antennenozeane.de/en/start-eng/,https://antennenozeane.de/en/start-eng/,antennenozeane.de,1770723472,1770723500
Bookmark Bar / Citography / EVENTS AND PLACES,What's On | Tate,https://www.tate.org.uk/whats-on,www.tate.org.uk,1770798706,1770798715
Bookmark Bar / Citography / EVENTS AND PLACES,Pieces of Me ::: NFT Exhibition | TRANSFER,https://transfergallery.com/pieces-of-me/,transfergallery.com,1770798728,1770798733
Bookmark Bar / Citography / EVENTS AND PLACES,Home – Fictional Journal,https://www.fictional-journal.com/,www.fictional-journal.com,1770798924,1770798929
Bookmark Bar / Citography / EVENTS AND PLACES,department of experimental architecture | building design and construction,https://www.exparch.at/,www.exparch.at,1770799104,1770799109
Bookmark Bar / Citography / EVENTS AND PLACES,The LU Card | The LU Card,https://lukortet.lu.se/en,lukortet.lu.se,1770799467,1770799473
Bookmark Bar / Citography / EVENTS AND PLACES,Waag Futurelab,https://waag.org/en/,waag.org,1770800775,1770800795
Bookmark Bar / Citography / EVENTS AND PLACES,VRHAM! Digital & Immersive Art Biennale › VRHAM,https://www.vrham.de/en/,www.vrham.de,1770800835,1770800840
Bookmark Bar / Citography / EVENTS AND PLACES,OPEN CALL – Roots & Seeds,https://rootsandseedsxxi.eu/open-call/,rootsandseedsxxi.eu,1770800858,1770800872
Bookmark Bar / Citography / EVENTS AND PLACES,Stimuleringsfonds,https://www.stimuleringsfonds.nl/en/news/architecture-10-projects-selected,www.stimuleringsfonds.nl,1770800894,1770800908
Bookmark Bar / Citography / EVENTS AND PLACES,cosmopolis centre for urban research | Brussels Centre for Urban Studies,https://urbanstudies.brussels/research/cosmopolis,urbanstudies.brussels,1770801528,1770801546
Bookmark Bar / Citography / EVENTS AND PLACES,NECS - European Network for Cinema and Media Studies | NECS,https://necs.org/,necs.org,1770801586,1770801601
Bookmark Bar / Citography / EVENTS AND PLACES,Home - Lab for the Unstable Media,https://www.v2.nl/,www.v2.nl,1770801649,1770801675
Bookmark Bar / Citography / EVENTS AND PLACES,Open Calls,https://nieuweinstituut.nl/projects/over-ons/open-calls?utm_source=chatgpt.com,nieuweinstituut.nl,1769434056,1770801933
Bookmark Bar / Citography / EVENTS AND PLACES,Architecture Workroom Brussels,https://www.architectureworkroom.eu/en/?utm_source=chatgpt.com,www.architectureworkroom.eu,1769434119,1770801933
Bookmark Bar / Citography / EVENTS AND PLACES,Swiss Design Network,https://swissdesignnetwork.ch/,swissdesignnetwork.ch,1769434733,1770801973
Bookmark Bar / Citography / EVENTS AND PLACES,Cumulus PhD Network calling for papers! - Cumulus Association,https://cumulusassociation.org/initiatives/cumulus-phd-network-calling-for-papers/?utm_source=chatgpt.com,cumulusassociation.org,1769437448,1770802025
Bookmark Bar / Citography / EVENTS AND PLACES,Material Futures,https://www.materialfutures.com/?utm_content=link_in_bio&fbclid=PAZXh0bgNhZW0CMTEAc3J0YwZhcHBfaWQMMjU2MjgxMDQwNTU4AAGnhM_XaDv7ueBaNvL2ve3rJQOlMkGIxZEgS4wOg5tP3zQywJjGb3g3PfEeOqY_aem_uQCXk6uUYh94PPJSYpy-ow,www.materialfutures.com,1769500247,1770802042
Bookmark Bar / Citography / EVENTS AND PLACES,"Digital Urban - The Metaverse, IoT, VR, AR and Making Data Devices - Digital Urban",https://www.digitalurban.org/,www.digitalurban.org,1770019079,1770802181
Bookmark Bar / Citography / EVENTS AND PLACES,Home - 019,https://019-ghent.org/,019-ghent.org,1770722669,1770802209
Bookmark Bar / Citography / EVENTS AND PLACES,Latent Spaces - Performing Ambiguous Data,https://latentspaces.zhdk.ch/,latentspaces.zhdk.ch,1770803417,1770803427
Bookmark Bar / Citography / EVENTS AND PLACES,e-flux,https://www.e-flux.com/,www.e-flux.com,1770810363,1770812975
Bookmark Bar / Citography / EVENTS AND PLACES,Events | HKU Faculty of Architecture,https://www.arch.hku.hk/events_index/general_events/,www.arch.hku.hk,1628677339,1770810543
Bookmark Bar / Citography / EVENTS AND PLACES,Art Thinking,https://www.artthinking.com.au/,www.artthinking.com.au,1770810598,1770810612
Bookmark Bar / Citography / EVENTS AND PLACES,MAS UTD,https://mas-utd.arch.ethz.ch/,mas-utd.arch.ethz.ch,1694079216,1770810869
Bookmark Bar / Citography / EVENTS AND PLACES,Community Tech NY (CTNY),https://www.communitytechny.org/,www.communitytechny.org,1695042570,1770810934
Bookmark Bar / Citography / EVENTS AND PLACES,Blog | TOPOLOGICAL ATLAS,http://www.topologicalatlas.net/blog,www.topologicalatlas.net,1695137269,1770810951
Bookmark Bar / Citography / EVENTS AND PLACES,Home - Milieux,https://milieux.concordia.ca/,milieux.concordia.ca,1770811135,1770811143
Bookmark Bar / Citography / EVENTS AND PLACES,Projects Archive - Anteverti,https://www.anteverti.com/projects/,www.anteverti.com,1770811387,1770811405
Bookmark Bar / Citography / WEB,Operative Mapping – urbanNext,https://urbannext.net/operative-mapping/,urbannext.net,1770723668,1770723693
Bookmark Bar / Citography / WEB,"Stream New Models (PUBLIC) music | Listen to songs, albums, playlists for free on SoundCloud",https://soundcloud.com/newmodels,soundcloud.com,1770797918,1770797925
Bookmark Bar / Citography / WEB,NEW MODELS 2026®,https://www.newmodels.io/,www.newmodels.io,1770798038,1770798040
Bookmark Bar / Citography / WEB,Sejm się odgradza. Podpisano umowę na wielką bramę,https://wiadomosci.wp.pl/sejm-sie-odgradza-podpisano-umowe-na-wielka-brame-6608543576128320a,wiadomosci.wp.pl,1770798209,1770798234
Bookmark Bar / Citography / WEB,Wysoki mur przed Sejmem? Gawkowski: Pora skończyć z odgradzaniem od obywateli - Dziennik.pl,"https://wiadomosci.dziennik.pl/polityka/artykuly/8021151,gawkowski-lewica-ogrodzenie-sejm-brama-przetarg.html",wiadomosci.dziennik.pl,1770798192,1770798234
Bookmark Bar / Citography / WEB,Sejm odgradza się płotem,https://www.fakt.pl/polityka/sejm-odgradza-sie-plotem/9jc4m9y,www.fakt.pl,1770798184,1770798238
Bookmark Bar / Citography / WEB,Sejm zmienia się w fortecę - RMF 24,"https://www.rmf24.pl/fakty/polska/news-sejm-zmienia-sie-w-fortece,nId,1483524",www.rmf24.pl,1770798181,1770798238
Bookmark Bar / Citography / WEB,Kompleks budynków Sejmu RP: historia zabudowań polskiego parlamentu - Architektura-Murator,https://architektura.muratorplus.pl/krytyka/kompleks-budynkow-sejmu-rp-historia-zabudowan-polskiego-parlamentu-aa-pXBq-ABmJ-3gvL.html,architektura.muratorplus.pl,1770798178,1770798242
Bookmark Bar / Citography / WEB,"Jest Polska, jest Sejm. Historia gmachów parlamentu | dzieje.pl - Historia Polski",https://dzieje.pl/artykuly-historyczne/jest-polska-jest-sejm-historia-gmachow-parlamentu,dzieje.pl,1770798175,1770798242
Bookmark Bar / Citography / WEB,Budynki parlamentu » Witryna edukacyjna Kancelarii Senatu,https://senat.edu.pl/historia/budynki/,senat.edu.pl,1770798172,1770798246
Bookmark Bar / Citography / WEB,"Sejm już się nie boi Brunona K. Powstaje sito zabezpieczeń: zapory, płot, murek","https://wyborcza.pl/7,75398,16462901,sejm-juz-sie-nie-boi-brunona-k-powstaje-sito-zabezpieczen.html",wyborcza.pl,1770798167,1770798246
Bookmark Bar / Citography / WEB,Sejm and Senate Complex - Wikipedia,https://en.wikipedia.org/wiki/Sejm_and_Senate_Complex,en.wikipedia.org,1770798160,1770798249
Bookmark Bar / Citography / WEB,SEJM RP: Listy do Sejmu,https://www.sejm.gov.pl/listy/pytania.htm,www.sejm.gov.pl,1770798136,1770798249
Bookmark Bar / Citography / WEB,igrafika_20190910_01-01.jpg (750×1277),https://dzieje.pl/sites/default/files/styles/open_article_750x0_/public/201910/igrafika_20190910_01-01.jpg?itok=NQZJ2Jsy,dzieje.pl,1770798073,1770798253
Bookmark Bar / Citography / WEB,CIVA TALK — Exotic or indigenous? Questioning the nature of plants on Vimeo,https://vimeo.com/493843607,vimeo.com,1615980619,1770798315
Bookmark Bar / Citography / WEB,"All Design Is Political, Not All Politics Is Design - Failed Architecture",https://failedarchitecture.com/all-design-is-political-not-all-politics-is-design/,failedarchitecture.com,1613568250,1770798326
Bookmark Bar / Citography / WEB,Democratic Crisis in Hong Kong: Recommendations for Policymakers | Freedom House,https://freedomhouse.org/report/policy-brief/2019/democratic-crisis-hong-kong-recommendations-policymakers,freedomhouse.org,1613568250,1770798342
Bookmark Bar / Citography / WEB,Policy Recommendations: Internet Freedom | Freedom House,https://freedomhouse.org/policy-recommendations/internet-freedom,freedomhouse.org,1613568250,1770798353
Bookmark Bar / Citography / WEB,Democracy and Dictators Are Under Pressure to Provide Responsiveness and Accountability | Foreign Affairs,https://www.foreignaffairs.com/world/dictators-trouble?utm_medium=email_notifications&utm_source=reg_confirmation&utm_campaign=reg_guestpass,www.foreignaffairs.com,1770798362,1770798364
Bookmark Bar / Citography / WEB,Hong Kong's Protests Have Purposely Avoided a Central Leader - The Atlantic,https://www.theatlantic.com/international/archive/2019/06/hong-kongs-protests-leader/591820/,www.theatlantic.com,1613568250,1770798405
Bookmark Bar / Citography / WEB,After protest: pathways beyond mass mobilization | openDemocracy,https://www.opendemocracy.net/en/transformation/after-protest-pathways-beyond-mass-mobilization/,www.opendemocracy.net,1613568250,1770798427
Bookmark Bar / Citography / WEB,"Postcards from the Edge by Cynthia Arnson, Benjamin Gedan, Michael Penfold, Rossana Castiglioni, Catalina Lobo-Guerrero, Augusto de la Torre, & Jim Shultz — Winter 2020: The Power of Protest | The Wilson Quarterly",https://www.wilsonquarterly.com/quarterly/the-power-of-protest/postcards-from-the-edge/?emci=40ed83cb-6b3d-ea11-a1cc-2818784d084f&emdi=2359b98b-e43d-ea11-a1cc-2818784d084f&ceid=43550,www.wilsonquarterly.com,1613568250,1770798438
Bookmark Bar / Citography / WEB,The Step-by-Step Revolution by Cătălin Teniţă — Winter 2020: The Power of Protest | The Wilson Quarterly,https://www.wilsonquarterly.com/quarterly/the-power-of-protest/the-step-by-step-revolution/,www.wilsonquarterly.com,1613568250,1770798448
Bookmark Bar / Citography / WEB,Why Protest? by S. Erdem Aytaç & Susan Stokes — Winter 2020: The Power of Protest | The Wilson Quarterly,https://www.wilsonquarterly.com/quarterly/the-power-of-protest/why-protest/,www.wilsonquarterly.com,1613568250,1770798453
Bookmark Bar / Citography / WEB,"Hong Kong Protests, One Year Later - The New York Times",https://www.nytimes.com/2020/06/09/world/asia/hong-kong-protests-one-year-later.html,www.nytimes.com,1613568250,1770798464
Bookmark Bar / Citography / WEB,"In Cuba, gamers lament what they see as the end of the island's underground network",https://www.nbcnews.com/news/latino/cuba-gamers-lament-what-they-see-end-island-s-underground-n1045846,www.nbcnews.com,1613568250,1770798477
Bookmark Bar / Citography / WEB,BBC News - How is technology changing protests?,http://news.bbc.co.uk/2/hi/programmes/click_online/9451521.stm,news.bbc.co.uk,1613568250,1770798484
Bookmark Bar / Citography / WEB,How technology is shaping creative activism in the 21st century | Waging Nonviolence,https://wagingnonviolence.org/2019/03/how-technology-is-shaping-creative-activism-in-the-21st-century/,wagingnonviolence.org,1613568250,1770798492
Bookmark Bar / Citography / WEB,Watch | Occupy.com,https://web.archive.org/web/20130516052942/http://www.occupy.com/watch,web.archive.org,1770798515,1770813091
Bookmark Bar / Citography / WEB,1977-83: Mothers of Plaza de Mayo Protest Disapearnces in Argentina | libcom.org,https://libcom.org/article/1977-83-mothers-plaza-de-mayo-protest-disapearnces-argentina,libcom.org,1770798720,1770798725
Bookmark Bar / Citography / WEB,When the crowd determines the individual | SCHIRN KUNSTHALLE FRANKFURT,https://www.schirn.de/en/schirnmag/double-feature-clemens-von-wedemeyer-crowds-context-en/,www.schirn.de,1770798858,1770798864
Bookmark Bar / Citography / WEB,Donna Haraway Reads “The National Geographic” on Primates | PAPER TIGER,https://papertiger.org/donna-haraway-reads-the-national-geographic-on-primates/,papertiger.org,1770798886,1770798892
Bookmark Bar / Citography / WEB,CABINET / All Issues,https://www.cabinetmagazine.org/issues/allissuesbycover.php,www.cabinetmagazine.org,1770798986,1770798993
Bookmark Bar / Citography / WEB,Extractivisms: operations and practices - Galería Réplica,https://www.galeriareplica.cl/exhibiciones/extractivisms-operations-and-practices/,www.galeriareplica.cl,1770799039,1770799044
Bookmark Bar / Citography / WEB,The Civil Contract of Photography | Princeton University Press,https://press.princeton.edu/books/paperback/9781890951894/the-civil-contract-of-photography,press.princeton.edu,1770799064,1770799066
Bookmark Bar / Citography / WEB,"Julian Oliver. Lecture ""TX/RX: Spectrum and the City"" - YouTube",https://www.youtube.com/watch?v=V9UIEnxlw5k,www.youtube.com,1715152266,1770799431
Bookmark Bar / Citography / WEB,Submit - JAE,https://www.jaeonline.org/submit/,www.jaeonline.org,1770799458,1770799459
Bookmark Bar / Citography / WEB,Wildtronics LLC | Accuracy Requirements in Parabolic Microphone Reflectors,https://www.wildtronics.com/parabolicaccuracy.html,www.wildtronics.com,1716980927,1770799496
Bookmark Bar / Citography / WEB,Zima w Śródmieściu - Retro photos,https://pastvu.com/p/909353,pastvu.com,1770799793,1770799800
Bookmark Bar / Citography / WEB,"Photos of Warsaw from 1950-1970, Zbyszko Siemaszko – Image Gallery | Gallery | Culture.pl",https://culture.pl/en/gallery/photos-of-warsaw-from-1950-1970-zbyszko-siemaszko-image-gallery,culture.pl,1770799806,1770799808
Bookmark Bar / Citography / WEB,"Rotunda znika, a my wspominamy, jak błyszczała kiedyś [ARCHIWALNE ZDJĘCIA] | Warszawa Nasze Miasto",https://warszawa.naszemiasto.pl/rotunda-znika-a-my-wspominamy-jak-blyszczala-kiedys/gh/c3-4043690,warszawa.naszemiasto.pl,1770799816,1770799818
Bookmark Bar / Citography / WEB,"Warszawa - Zdjęcia lotnicze - stare zdjęcia, mapa","https://fotopolska.eu/Warszawa/b5139,Zdjecia_lotnicze.html",fotopolska.eu,1770799820,1770799822
Bookmark Bar / Citography / WEB,The Age of Mass Protests: Understanding an Escalating Global Trend | Center for Strategic and International Studies,https://www.csis.org/analysis/age-mass-protests-understanding-escalating-global-trend,www.csis.org,1612970839,1770800026
Bookmark Bar / Citography / WEB,Hong Kong protests: 6 Hongkongers on how they’ve transformed the city | Vox,https://www.vox.com/2019/8/28/20799049/hong-kong-protests-first-person,www.vox.com,1770800035,1770800037
Bookmark Bar / Citography / WEB,"""The Architecture of Democracy"" - Harvard Graduate School of Design",https://www.gsd.harvard.edu/event/the-architecture-of-democracy/,www.gsd.harvard.edu,1770800071,1770800091
Bookmark Bar / Citography / WEB,About - DAAR,https://www.decolonizing.ps/site/about/,www.decolonizing.ps,1770800094,1770800096
Bookmark Bar / Citography / WEB,Envisioning the Future (Policed) Space of Protest: The June 23 Bastille Demonstration as Paradigm - THE FUNAMBULIST MAGAZINE,https://thefunambulist.net/editorials/envisioning-the-future-policed-space-of-protest-the-june-23-bastille-demonstration-as-paradigm,thefunambulist.net,1770800100,1770800102
Bookmark Bar / Citography / WEB,Home - Extinction Rebellion UK,https://extinctionrebellion.uk/,extinctionrebellion.uk,1770800344,1770800360
Bookmark Bar / Citography / WEB,Cuban state to absorb underground video-gamers' network | AP News,https://apnews.com/article/acf45d2374534e48976c9df16d3501af,apnews.com,1770800357,1770800360
Bookmark Bar / Citography / WEB,Climate Change – BLDGBLOG,https://www.bldgblog.com/tag/climate-change/,www.bldgblog.com,1770800499,1770800519
Bookmark Bar / Citography / WEB,Innovation Brief: Post-Pandemic Public Space - Connected Places Catapult,https://cp.catapult.org.uk/news/innovation-brief-post-pandemic-public-space/,cp.catapult.org.uk,1770800571,1770800587
Bookmark Bar / Citography / WEB,Aesthetics Of Exclusion,https://www.aestheticsofexclusion.com/articles/stop-making-sense-refusing-the-algorithmic-city,www.aestheticsofexclusion.com,1770800692,1770800720
Bookmark Bar / Citography / WEB,Anatomy of an Electromagnetic Wave - NASA Science,https://science.nasa.gov/ems/02_anatomy/,science.nasa.gov,1770800914,1770813091
Bookmark Bar / Citography / WEB,Lexicon of Design Research,http://www.lexiconofdesignresearch.com/lexicon/texts/data_information_knowledge_wisdom,www.lexiconofdesignresearch.com,1695733958,1770801057
Bookmark Bar / Citography / WEB,Stop Making Sense: Refusing the Algorithmic City - Failed Architecture,https://failedarchitecture.com/stop-making-sense-refusing-the-algorithmic-city/,failedarchitecture.com,1770801609,1770801633
Bookmark Bar / Citography / WEB,If Honey Bees Could Google,https://www.anthroposphere.co.uk/post/if-honey-bees-could-google,www.anthroposphere.co.uk,1769500440,1770802068
Bookmark Bar / Citography / WEB,The Urban Field Naturalist Project,https://www.urbanfieldnaturalist.org/?utm_source=ig&utm_medium=social&utm_content=link_in_bio&fbclid=PAZXh0bgNhZW0CMTEAc3J0YwZhcHBfaWQMMjU2MjgxMDQwNTU4AAGnooogo6amwt-FE2S7XKyRD4pYRjin18ClVY9Lzrrytk6sLSBaK1haJAk4IQs_aem_Nuj4XYuu69tsRW18oCkXsA,www.urbanfieldnaturalist.org,1769500544,1770802068
Bookmark Bar / Citography / WEB,Watch North London Street Party - Reclaim the Streets online - BFI Player,https://player.bfi.org.uk/free/film/watch-north-london-street-party-reclaim-the-streets-1998-online,player.bfi.org.uk,1770803138,1770803151
Bookmark Bar / Citography / WEB,Reclaim the Streets - Wikipedia,https://en.wikipedia.org/wiki/Reclaim_the_Streets,en.wikipedia.org,1770803148,1770803151
Bookmark Bar / Citography / WEB,Play John Conway’s Game of Life,https://playgameoflife.com/,playgameoflife.com,1770803152,1770803167
Bookmark Bar / Citography / WEB,,https://archive.org/details/archive_documentary_internet_archive_sequence,archive.org,1770803175,1770803186
Bookmark Bar / Citography / WEB,,https://hackernoon.com/the-long-now-of-the-web-inside-the-internet-archives-fight-against-forgetting,hackernoon.com,1770803181,1770803186
Bookmark Bar / Citography / WEB,The Perspectival Eye — Glass Bead,https://www.glass-bead.org/research-platform/the-perspectival-eye/?lang=enview,www.glass-bead.org,1770803321,1770803330
Bookmark Bar / Citography / WEB,Groma (surveying) - Wikipedia,https://en.wikipedia.org/w/index.php?title=Groma_%28surveying%29&oldid=1310395162,en.wikipedia.org,1770810022,1770810036
Bookmark Bar / Citography / WEB,Camera lucida - Wikipedia,https://en.wikipedia.org/w/index.php?title=Camera_lucida&oldid=1332446192,en.wikipedia.org,1770810037,1770810065
Bookmark Bar / Citography / WEB,Urban Ecologies: Book,https://urbanecologies.net/events.php,urbanecologies.net,1616616949,1770810431
Bookmark Bar / Citography / WEB,"Microsoft, Amazon work on Pentagon's Hybrid Space Architecture",https://www.geekwire.com/2022/microsoft-amazon-pentagon-space-communication/,www.geekwire.com,1694165753,1770810913
Bookmark Bar / Citography / WEB,James Bridle: Algorithmic citizenship,https://exposingtheinvisible.org/en/films/algorithmic-citizenship/,exposingtheinvisible.org,1695201436,1770811049
Bookmark Bar / Citography / WEB,Data & Society,https://datasociety.net/,datasociety.net,1708090958,1770811186
Bookmark Bar / Citography / WEB,The agency of mapping – IAAC Blog,https://www.iaacblog.com/programs/the-agency-of-mapping/,www.iaacblog.com,1708436424,1770813074
Bookmark Bar / Citography / WEB,Between Art and Science | Leonardo/ISAST,https://leonardo.info/between-art-and-science,leonardo.info,1709752581,1770811762
Bookmark Bar / Citography / BOOKS JOURNALS,Video | Sy Taffel,https://sytaffel.com/video/,sytaffel.com,1770800112,1770800148
Bookmark Bar / Citography / BOOKS JOURNALS,The 'revenge of history': Collective memories and labor protests in northeastern China on JSTOR,https://www.jstor.org/stable/24047707?seq=1,www.jstor.org,1770800285,1770800289
Bookmark Bar / Citography / BOOKS JOURNALS,200303_MassProtests_V2.pdf,https://csis-website-prod.s3.amazonaws.com/s3fs-public/publication/200303_MassProtests_V2.pdf?uL3KRAKjoHfmcnFENNWTXdUbf0Fk0Qke,csis-website-prod.s3.amazonaws.com,1770800326,1770800332
Bookmark Bar / Citography / BOOKS JOURNALS,Political Mapping of Cyberspace - Google Books,https://www.google.be/books/edition/Political_Mapping_of_Cyberspace/26QxEAAAQBAJ?hl=en&gbpv=0,www.google.be,1696314604,1770801098
Bookmark Bar / Citography / BOOKS JOURNALS,Mapping the Present - Stuart Elden - (ISBN: 9780826458476) | The bad guy,https://www.deslegte.com/mapping-the-present-2857881/,www.deslegte.com,1696315104,1770801098
Bookmark Bar / Citography / BOOKS JOURNALS,You are Here - Katharine Harmon - (ISBN: 9781568984308) | De Slegte,https://www.deslegte.com/you-are-here-759899/,www.deslegte.com,1696324362,1770801112
Bookmark Bar / Citography / BOOKS JOURNALS,FOOTPRINT,https://journals.open.tudelft.nl/footprint/index,journals.open.tudelft.nl,1769184623,1770801714
Bookmark Bar / Citography / BOOKS JOURNALS,ardeth,https://www.ardeth.eu/,www.ardeth.eu,1769184594,1770801714
Bookmark Bar / Citography / BOOKS JOURNALS,Journal | eahn,https://eahn.org/journal/?utm_source=chatgpt.com,eahn.org,1769184676,1770801714
Bookmark Bar / Citography / BOOKS JOURNALS,Publications - Yale Architecture,https://www.architecture.yale.edu/publications,www.architecture.yale.edu,1769184743,1770801726
Bookmark Bar / Citography / BOOKS JOURNALS,Journal | AMPS,https://amps-research.com/journal/,amps-research.com,1769184916,1770801726
Bookmark Bar / Citography / BOOKS JOURNALS,Designing Democratic Innovation: Co-Design and the Futures of Participation in Governance,https://think.taylorandfrancis.com/special_issues/designing-democratic-innovation-co-design-and-the-futures-of-participation-in-governance/,think.taylorandfrancis.com,1769185058,1770801741
Bookmark Bar / Citography / BOOKS JOURNALS,Map Studies at Stanford - Counter-mapping & critical cartography - Guides at Stanford University,https://guides.library.stanford.edu/countermapping/stanford,guides.library.stanford.edu,1769414602,1770801741
Bookmark Bar / Citography / BOOKS JOURNALS,ACME: An International Journal for Critical Geographies,https://acme-journal.org/index.php/acme/index,acme-journal.org,1769415397,1770801741
Bookmark Bar / Citography / BOOKS JOURNALS,"Volume 57, Issue 6 November 2025 - Antipode Online",https://antipodeonline.org/2025/12/11/volume-57-issue-6-november-2025/,antipodeonline.org,1769415495,1770801753
Bookmark Bar / Citography / BOOKS JOURNALS,Annals of the AAG - AAG,https://www.aag.org/journal/annals-of-the-aag/,www.aag.org,1769415727,1770801767
Bookmark Bar / Citography / BOOKS JOURNALS,CRIT Architecture Journal | Institute of Architecture Students,https://www.aias.org/crit/crit-journal/,www.aias.org,1769416349,1770801784
Bookmark Bar / Citography / BOOKS JOURNALS,Issues | JoLA,https://www.jola-lab.eu/issues/,www.jola-lab.eu,1769416626,1770801784
Bookmark Bar / Citography / BOOKS JOURNALS,a+u Architecture and Urbanism Magazine – from Tokyo (Japan),https://au-magazine.com/,au-magazine.com,1769416699,1770801784
Bookmark Bar / Citography / BOOKS JOURNALS,"Livable Cities: Interdisciplinary Conference. Manchester, UK, 2026",https://amps-research.com/conference/manchester-livable-cities/,amps-research.com,1769417302,1770801800
Bookmark Bar / Citography / BOOKS JOURNALS,SPOOL,https://spool.ac/index.php/spool/index,spool.ac,1769417707,1770801800
Bookmark Bar / Citography / BOOKS JOURNALS,GeoHumanities - AAG,https://www.aag.org/journal/geohumanities/?utm_source=chatgpt.com,www.aag.org,1769418044,1770801813
Bookmark Bar / Citography / BOOKS JOURNALS,"Journal of Maps: Vol 22, No 1 (Current issue)",https://www.tandfonline.com/toc/tjom20/current,www.tandfonline.com,1769418521,1770801826
Bookmark Bar / Citography / BOOKS JOURNALS,Call for Papers | Cartographica | University of Toronto Press,https://utppublishing.com/journals/cart/call-for-papers,utppublishing.com,1769418760,1770801826
Bookmark Bar / Citography / BOOKS JOURNALS,"Intellect Books | Drawing - Research, Theory, Practice",https://www.intellectbooks.com/drawing-research-theory-practice?utm_source=chatgpt.com,www.intellectbooks.com,1769419015,1770801826
Bookmark Bar / Citography / BOOKS JOURNALS,"Design Studies | Vol 103, In progress (March 2026) | ScienceDirect.com by Elsevier",https://www.sciencedirect.com/journal/design-studies/vol/103/suppl/C,www.sciencedirect.com,1769419710,1770801842
Bookmark Bar / Citography / BOOKS JOURNALS,Restoring the past digitally: A 3D visualization study of the Great Mill in Gdansk - ScienceDirect,https://www.sciencedirect.com/science/article/abs/pii/S0142694X25000882?via=ihub,www.sciencedirect.com,1770801832,1770801842
Bookmark Bar / Citography / BOOKS JOURNALS,Dimensions | Journal of Architectural Knowledge,https://www.dimensions-journal.eu/#/about,www.dimensions-journal.eu,1769419919,1770801842
Bookmark Bar / Citography / BOOKS JOURNALS,Home | Human Ecology | Springer Nature Link,https://link.springer.com/journal/10745,link.springer.com,1769420230,1770801857
Bookmark Bar / Citography / BOOKS JOURNALS,Information for contributors | Interstices: Journal of Architecture and Related Arts,https://interstices.ac.nz/index.php/Interstices/information_for_contributors,interstices.ac.nz,1769420363,1770801857
Bookmark Bar / Citography / BOOKS JOURNALS,MONU - News,https://www.monu-magazine.com/news.htm,www.monu-magazine.com,1770801902,1770801916
Bookmark Bar / Citography / BOOKS JOURNALS,news | Architecture In Practice,https://architectureinpractice.eu/,architectureinpractice.eu,1769434196,1770813200
Bookmark Bar / Citography / BOOKS JOURNALS,Call for Papers – Institute for the History and Theory of Architecture (gta) | ETH Zurich,https://gta.arch.ethz.ch/en/gta-papers/call-for-papers---demolitions.html,gta.arch.ethz.ch,1769434692,1770801953
Bookmark Bar / Citography / BOOKS JOURNALS,Announcements | Interstices: Journal of Architecture and Related Arts,https://interstices.ac.nz/index.php/Interstices/announcement,interstices.ac.nz,1769436124,1770801973
Bookmark Bar / Citography / BOOKS JOURNALS,Call for Papers – FUP Journals,https://journals.fupress.net/call-for-papers/?filter=462,journals.fupress.net,1769436457,1770801998
Bookmark Bar / Citography / BOOKS JOURNALS,In Focus: Calls for Papers | Leonardo/ISAST,https://leonardo.info/in-focus,leonardo.info,1769437395,1770802011
Bookmark Bar / Citography / BOOKS JOURNALS,Design History Society 2026 Conference - Call for Papers now open - News - Design History Society,https://www.designhistorysociety.org/news/view/design-history-society-2026-conference-call-for-papers-now-open,www.designhistorysociety.org,1769437694,1770802025
Bookmark Bar / Citography / BOOKS JOURNALS,Digital Geography and Society | ScienceDirect.com by Elsevier - Digital Geography and Society | ScienceDirect.com by Elsevier,https://www.sciencedirect.com/special-issue/326763/unsettling-digital-geographies-rethinking-the-field-and-its-futures,www.sciencedirect.com,1769437739,1770802042
Bookmark Bar / Citography / BOOKS JOURNALS,Call for papers — Digital Culture & Education (ISSN: 1836-8301),https://www.digitalcultureandeducation.com/call-for-papers-si,www.digitalcultureandeducation.com,1769504136,1770802108
Bookmark Bar / Citography / BOOKS JOURNALS,About | Weizenbaum Journal of the Digital Society,https://ojs.weizenbaum-institut.de/index.php/wjds/about,ojs.weizenbaum-institut.de,1769504364,1770802108
Bookmark Bar / Citography / BOOKS JOURNALS,Matter,https://revistes.ub.edu/index.php/matter/index,revistes.ub.edu,1769504454,1770802108
Bookmark Bar / Citography / BOOKS JOURNALS,Ocean Space,https://www.ocean-space.org/index.html,www.ocean-space.org,1769675012,1770802124
Bookmark Bar / Citography / BOOKS JOURNALS,PerFORM,https://www.bartlettdesignresearchfolios.com/perform/read/,www.bartlettdesignresearchfolios.com,1770019310,1770802181
Bookmark Bar / Citography / BOOKS JOURNALS,Call for Papers :: Playing Futures Conference,https://playingfutures.today/call-for-papers/,playingfutures.today,1769501162,1770802209
Bookmark Bar / Citography / BOOKS JOURNALS,"Avant-Garde, III: Situationist Maps, Take Two | Jacket2",https://jacket2.org/commentary/avant-garde-iii-situationist-maps-take-two,jacket2.org,1770802517,1770802546
Bookmark Bar / Citography / BOOKS JOURNALS,,https://www.only-if.com/portfolio/cities-without-ground/,www.only-if.com,1770802895,1770802922
Bookmark Bar / Citography / BOOKS JOURNALS,,https://www.interboropartners.com/projects/the-arsenal-of-exclusion-inclusion,www.interboropartners.com,1770802917,1770802922
Bookmark Bar / Citography / BOOKS JOURNALS,,https://www.youandpea.com/atlas,www.youandpea.com,1770802962,1770813249
Bookmark Bar / Citography / BOOKS JOURNALS,Introduction to a Critique of Urban Geography | The Anarchist Library,https://theanarchistlibrary.org/library/guy-debord-introduction-to-a-critique-of-urban-geography?utm_source=chatgpt.com,theanarchistlibrary.org,1770803465,1770813200
Bookmark Bar / Citography / BOOKS JOURNALS,sionline.researche-editions.cddc.vt.edu/si/theory.html?utm_source=chatgpt.com,https://www.sionline.researche-editions.cddc.vt.edu/si/theory.html?utm_source=chatgpt.com,www.sionline.researche-editions.cddc.vt.edu,1770803478,1770803479
Bookmark Bar / Citography / BOOKS JOURNALS,Situated Knowledges: The Science Question in Feminism and the Privilege of Partial Perspective on JSTOR,https://www.jstor.org/stable/3178066,www.jstor.org,1770807829,1770807832
Bookmark Bar / Citography / BOOKS JOURNALS,The Economy of Cities by Jane Jacobs: 9780394705842 | PenguinRandomHouse.com: Books,https://www.penguinrandomhouse.com/books/86059/the-economy-of-cities-by-jane-jacobs/,www.penguinrandomhouse.com,1770807902,1770807904
Bookmark Bar / Citography / BOOKS JOURNALS,The Image of the City,https://mitpress.mit.edu/9780262620017/the-image-of-the-city/,mitpress.mit.edu,1770807924,1770807926
Bookmark Bar / Citography / BOOKS JOURNALS,"The story of telecommunications : Oslin, George P., 1899-1996 : Free Download, Borrow, and Streaming : Internet Archive",https://archive.org/details/storyoftelecommu0000osli,archive.org,1770807949,1770807951
Bookmark Bar / Citography / BOOKS JOURNALS,The Power of Maps - 1st Edition - Denis Wood - Routledge Book,https://www.routledge.com/The-Power-of-Maps/Wood/p/book/9780898624939,www.routledge.com,1770807965,1770807967
Bookmark Bar / Citography / BOOKS JOURNALS,Koolhaas_Rem_Delirious_New_York_A_Retroactive_Manifesto_for_Manhattan.pdf,about:invalid#zGuavaz,,1770807978,1770807980
Bookmark Bar / Citography / BOOKS JOURNALS,"Understanding Media - The Extensions of Man : Marshall McLuhan : Free Download, Borrow, and Streaming : Internet Archive",https://archive.org/details/ETC0624,archive.org,1770807994,1770807996
Bookmark Bar / Citography / BOOKS JOURNALS,The Rise of the Network Society | Wiley Online Books,https://onlinelibrary.wiley.com/doi/book/10.1002/9781444319514,onlinelibrary.wiley.com,1770808010,1770808012
Bookmark Bar / Citography / BOOKS JOURNALS,"Telecommunications and the City: Electronic Spaces, Urban Places - 1st",https://www.routledge.com/Telecommunications-and-the-City-Electronic-Spaces-Urban-Places/Graham-Marvin/p/book/9780415119030,www.routledge.com,1770808021,1770808023
Bookmark Bar / Citography / BOOKS JOURNALS,"The Agency of Mapping: Speculation, Critique and Invention - The Map Reader - Wiley Online Library",https://onlinelibrary.wiley.com/doi/10.1002/9780470979587.ch12,onlinelibrary.wiley.com,1770808042,1770808044
Bookmark Bar / Citography / BOOKS JOURNALS,City of Bits,https://mitpress.mit.edu/9780262631761/city-of-bits/,mitpress.mit.edu,1770808083,1770808084
Bookmark Bar / Citography / BOOKS JOURNALS,"Charles Petzold Code The Hidden Language Of Computer Hardware And Software Microsoft Press ( 2000) : Charles Petzoid : Free Download, Borrow, and Streaming : Internet Archive",https://archive.org/details/CharlesPetzoldCodeTheHiddenLanguageOfComputerHardwareAndSoftwareMicrosoftPress2000,archive.org,1770808102,1770808104
Bookmark Bar / Citography / BOOKS JOURNALS,"Mappings, Cosgrove",https://press.uchicago.edu/ucp/books/book/distributed/M/bo3536203.html,press.uchicago.edu,1770808125,1770808127
Bookmark Bar / Citography / BOOKS JOURNALS,The Worldwide History of Telecommunications | Wiley Online Books,https://onlinelibrary.wiley.com/doi/book/10.1002/0471722243,onlinelibrary.wiley.com,1770808140,1770808144
Bookmark Bar / Citography / BOOKS JOURNALS,"Spectrum wars : the policy and technology debate : Manner, Jennifer A : Free Download, Borrow, and Streaming : Internet Archive",https://archive.org/details/spectrumwarspoli0000mann,archive.org,1770808171,1770808173
Bookmark Bar / Citography / BOOKS JOURNALS,Me++: The Cyborg Self and the Networked City | Books Gateway | MIT Press,https://direct.mit.edu/books/book/2667/Me-The-Cyborg-Self-and-the-Networked-City,direct.mit.edu,1770808186,1770808188
Bookmark Bar / Citography / BOOKS JOURNALS,Cartography is Dead (Thank God!) | Cartographic Perspectives,https://cartographicperspectives.org/index.php/journal/article/view/cp45-wood,cartographicperspectives.org,1770808195,1770808197
Bookmark Bar / Citography / BOOKS JOURNALS,Media Ecologies,https://mitpress.mit.edu/9780262062473/media-ecologies/,mitpress.mit.edu,1770808211,1770808213
Bookmark Bar / Citography / BOOKS JOURNALS,An Introduction to Critical Cartography | ACME: An International Journal for Critical Geographies,https://acme-journal.org/index.php/acme/article/view/723,acme-journal.org,1770808217,1770808222
Bookmark Bar / Citography / BOOKS JOURNALS,The Sovereign Map: Theoretical Approaches in Cartography Throughout History - Christian Jacob - Google Books,https://books.google.be/books/about/The_Sovereign_Map.html?id=kAwrj7_emVQC&redir_esc=y,books.google.be,1770808271,1770808274
Bookmark Bar / Citography / BOOKS JOURNALS,Open: Hybrid Space : How Wireless Media Mobilize Public Space; No. 11,https://andersonuniversity.ecampus.com/open-hybrid-space-how-wireless-media/bk/9789056625368,andersonuniversity.ecampus.com,1770808315,1770808316
Bookmark Bar / Citography / BOOKS JOURNALS,Ground Truth 1995–2005 - Pickles - 2006 - Transactions in GIS - Wiley Online Library,https://onlinelibrary.wiley.com/doi/10.1111/j.1467-9671.2006.01027.x,onlinelibrary.wiley.com,1770808321,1770808326
Bookmark Bar / Citography / BOOKS JOURNALS,Tools for Ideas,https://birkhauser.com/en/book/9783034609241,birkhauser.com,1770808336,1770808338
Bookmark Bar / Citography / BOOKS JOURNALS,"The shock of the old : technology and global history since 1900 : Edgerton, David : Free Download, Borrow, and Streaming : Internet Archive",https://archive.org/details/shockofoldtechno0000edge,archive.org,1770808354,1770808356
Bookmark Bar / Citography / BOOKS JOURNALS,"Sage Academic Books - The Media City: Media, Architecture and Urban Space",https://sk.sagepub.com/book/mono/the-media-city/toc#_,sk.sagepub.com,1770808376,1770808378
Bookmark Bar / Citography / BOOKS JOURNALS,"Territory, Authority, Rights | Princeton University Press",https://press.princeton.edu/books/paperback/9780691136455/territory-authority-rights?srsltid=AfmBOoqydCJLGc73p0fn77qnxoscRy3kNqHvc5GvMZIvYg7a71rKR5Et,press.princeton.edu,1770808406,1770808409
Bookmark Bar / Citography / BOOKS JOURNALS,The infrastructural city: networked ecologies in Los Angeles - Google Search,https://www.google.com/search?q=The+infrastructural+city%3A+networked+ecologies+in+Los+Angeles&oq=The+infrastructural+city%3A+networked+ecologies+in+Los+Angeles&gs_lcrp=EgZjaHJvbWUyBggAEEUYOTIHCAEQIRiPAtIBBzczNmowajSoAgCwAgE&sourceid=chrome&ie=UTF-8,www.google.com,1770808415,1770808418
Bookmark Bar / Citography / BOOKS JOURNALS,The Infrastructural City: </br> Networked Ecologies in Los Angeles - Planum - The journal of Urbanism,http://www.planum.net/journals-books/the-infrastructural-city-networked-ecothe-infrastructural-city-networked-ecologies-in-los-angeleslogies-in-los-angeles,www.planum.net,1770808421,1770808423
Bookmark Bar / Citography / BOOKS JOURNALS,US_layout_01022010.pdf,about:invalid#zGuavaz,,1770808450,1770808452
Bookmark Bar / Citography / BOOKS JOURNALS,1980_whyte_small_spaces_book.pdf,about:invalid#zGuavaz,,1770808464,1770808466
Bookmark Bar / Citography / BOOKS JOURNALS,The Social Life of Small Urban Spaces | Publications — Project for Public Spaces,https://www.pps.org/product/the-social-life-of-small-urban-spaces,www.pps.org,1770808477,1770808479
Bookmark Bar / Citography / BOOKS JOURNALS,"""The Master Switch: The Rise and Fall of Information Empires"" by Tim Wu",https://scholarship.law.columbia.edu/books/176/,scholarship.law.columbia.edu,1770808492,1770808494
Bookmark Bar / Citography / BOOKS JOURNALS,huhtamo-parikka-media_arch.pdf,about:invalid#zGuavaz,,1770808514,1770808516
Bookmark Bar / Citography / BOOKS JOURNALS,University of California Press,https://www.ucpress.edu/book/9780520262744/media-archaeology,www.ucpress.edu,1770808521,1770808523
Bookmark Bar / Citography / BOOKS JOURNALS,The Map Reader | Wiley Online Books,https://onlinelibrary.wiley.com/doi/book/10.1002/9780470979587,onlinelibrary.wiley.com,1770808555,1770808560
Bookmark Bar / Citography / BOOKS JOURNALS,Code/Space: Software and Everyday Life | Books Gateway | MIT Press,https://direct.mit.edu/books/oa-monograph/5039/Code-SpaceSoftware-and-Everyday-Life,direct.mit.edu,1770808619,1770808621
Bookmark Bar / Citography / BOOKS JOURNALS,Greening-the-Media-Intro-Ch.1.pdf,about:invalid#zGuavaz,,1770808633,1770808635
Bookmark Bar / Citography / BOOKS JOURNALS,"Greening the Media - Paperback - Richard Maxwell, Toby Miller - Oxford University Press",https://global.oup.com/academic/product/greening-the-media-9780195325201?cc=be&lang=en&,global.oup.com,1770808655,1770808657
Bookmark Bar / Citography / BOOKS JOURNALS,parikka-cartographies-media.pdf,about:invalid#zGuavaz,,1770808667,1770808670
Bookmark Bar / Citography / BOOKS JOURNALS,What is Media Archaeology?,https://www.politybooks.com/bookdetail?book_slug=what-is-media-archaeology--9780745650258,www.politybooks.com,1770808677,1770808679
Bookmark Bar / Citography / BOOKS JOURNALS,Design Research in Architecture: An Overview - 1st Edition - Murray Fr,https://www.routledge.com/Design-Research-in-Architecture-An-Overview/Fraser/p/book/9781409462170,www.routledge.com,1770808697,1770808699
Bookmark Bar / Citography / BOOKS JOURNALS,Gabrys_Jennifer_Digital_Rubbish_A_Natural_History_of_Electronics.pdf,about:invalid#zGuavaz,,1770808707,1770808709
Bookmark Bar / Citography / BOOKS JOURNALS,Digital Rubbish: A Natural History of Electronics on JSTOR,https://www.jstor.org/content/oa_book_monograph/j.ctv65swcp,www.jstor.org,1770808713,1770808715
Bookmark Bar / Citography / BOOKS JOURNALS,How to Study Public Life | Springer Nature Link,https://link.springer.com/book/10.5822/978-1-61091-525-0,link.springer.com,1770808726,1770808728
Bookmark Bar / Citography / BOOKS JOURNALS,Close Up at a Distance | Princeton University Press,https://press.princeton.edu/books/paperback/9781942130789/close-up-at-a-distance?srsltid=AfmBOooSFhlI62Esni_4dqbTeceyIf77Vp8MbbCXMxT1iqaqkzPhy5P9,press.princeton.edu,1770808845,1770808848
Bookmark Bar / Citography / BOOKS JOURNALS,Laura_Kurgan_Close_up_at_a_distance__mapping_tb-ok.xyz.pdf,about:invalid#zGuavaz,,1770808859,1770808861
Bookmark Bar / Citography / BOOKS JOURNALS,The Design of Everyday Things,https://mitpress.mit.edu/9780262640374/the-design-of-everyday-things/,mitpress.mit.edu,1770808876,1770808877
Bookmark Bar / Citography / BOOKS JOURNALS,"The Global City: New York, London, Tokyo on JSTOR",https://www.jstor.org/stable/j.ctt2jc93q,www.jstor.org,1770808891,1770808893
Bookmark Bar / Citography / BOOKS JOURNALS,Scalar entanglement in digital media ecologies,https://mediarep.org/entities/article/465d4650-3279-445b-99fc-9d8e9c6b86f8,mediarep.org,1770808904,1770813134
Bookmark Bar / Citography / BOOKS JOURNALS,Ambient Commons: Attention in the Age of Embodied Information | Books Gateway | MIT Press,https://direct.mit.edu/books/book/2984/ambient-commonsattention-in-the-age-of-embodied,direct.mit.edu,1770808911,1770808913
Bookmark Bar / Citography / BOOKS JOURNALS,"Media Technologies: Essays on Communication, Materiality, and Society | Books Gateway | MIT Press",https://direct.mit.edu/books/edited-volume/3021/Media-TechnologiesEssays-on-Communication,direct.mit.edu,1770808922,1770808934
Bookmark Bar / Citography / BOOKS JOURNALS,"Sage Research Methods - The Data Revolution: Big Data, Open Data, Data Infrastructures & Their Consequences",https://methods.sagepub.com/book/mono/the-data-revolution/toc#_,methods.sagepub.com,1770808939,1770808951
Bookmark Bar / Citography / BOOKS JOURNALS,Collections | Search | Mapping It Out: An Alternative Atlas of Contemporary Cartographies | Asia Art Archive,https://aaa.org.hk/en/collections/search/library/mapping-it-out-an-alternative-atlas-of-contemporary-cartographies,aaa.org.hk,1770808952,1770808966
Bookmark Bar / Citography / BOOKS JOURNALS,Digital Doppelgängers: Future Scanscapes - Shaw - 2014 - Architectural Design - Wiley Online Library,https://onlinelibrary.wiley.com/doi/abs/10.1002/ad.1698,onlinelibrary.wiley.com,1770808964,1770808966
Bookmark Bar / Citography / BOOKS JOURNALS,The Stack: On Software and Sovereignty | Books Gateway | MIT Press,https://direct.mit.edu/books/monograph/3504/The-StackOn-Software-and-Sovereignty,direct.mit.edu,1770809022,1770809035
Bookmark Bar / Citography / BOOKS JOURNALS,A Prehistory of the Cloud,https://mitpress.mit.edu/9780262529969/a-prehistory-of-the-cloud/,mitpress.mit.edu,1770809039,1770809052
Bookmark Bar / Citography / BOOKS JOURNALS,Mattern_Shannon_Deep_Mapping_the_Media_City_2015.pdf,about:invalid#zGuavaz,,1770809050,1770809052
Bookmark Bar / Citography / BOOKS JOURNALS,Deep Mapping the Media City,https://www.upress.umn.edu/9780816698516/deep-mapping-the-media-city/,www.upress.umn.edu,1770809056,1770809070
Bookmark Bar / Citography / BOOKS JOURNALS,A Geology of Media,https://www.upress.umn.edu/9780816695522/a-geology-of-media/,www.upress.umn.edu,1770809067,1770809070
Bookmark Bar / Citography / BOOKS JOURNALS,Signal Traffic: Critical Studies of Media Infrastructures on JSTOR,https://www.jstor.org/stable/10.5406/j.ctt155jmd9,www.jstor.org,1770809080,1770809089
Bookmark Bar / Citography / BOOKS JOURNALS,"The Marvelous Clouds: Toward a Philosophy of Elemental Media, Peters",https://press.uchicago.edu/ucp/books/book/chicago/M/bo20069392.html,press.uchicago.edu,1770809108,1770809114
Bookmark Bar / Citography / BOOKS JOURNALS,The Undersea Network,https://www.dukeupress.edu/the-undersea-network,www.dukeupress.edu,1770809120,1770809131
Bookmark Bar / Citography / BOOKS JOURNALS,Keller Easterling — Extrastatecraft: The Power of Infrastructure Space,https://www.kellereasterling.com/books/extrastatecraft-the-power-of-infrastructure-space,www.kellereasterling.com,1770809137,1770809147
Bookmark Bar / Citography / BOOKS JOURNALS,Program Earth: Environmental Sensing Technology and the Making of a Computational Planet on JSTOR,https://www.jstor.org/content/oa_book_monograph/10.5749/j.ctt1b7x5gq,www.jstor.org,1770809162,1770809169
Bookmark Bar / Citography / BOOKS JOURNALS,Planetary Urbanism: The Transformative Power of Cities | ISBN 978-3-931435-33-2 9783931435332 | ARCH+,https://archplus.net/de/archiv/english-publication/Planetary-Urbanism/,archplus.net,1770809178,1770809187
Bookmark Bar / Citography / BOOKS JOURNALS,Walking and Mapping,https://mitpress.mit.edu/9780262528955/walking-and-mapping/,mitpress.mit.edu,1770809194,1770809203
Bookmark Bar / Citography / BOOKS JOURNALS,Sustainable Media: Critical Approaches to Media and Environment - 1st,https://www.routledge.com/Sustainable-Media-Critical-Approaches-to-Media-and-Environment/Starosielski-Walker/p/book/9781138014060,www.routledge.com,1770809206,1770809219
Bookmark Bar / Citography / BOOKS JOURNALS,The Arsenal of Exclusion & Inclusion – Actar Publishers,https://actar.com/product/the-arsenal-of-exclusion-inclusion/,actar.com,1770809219,1770809234
Bookmark Bar / Citography / BOOKS JOURNALS,Radical Technologies: The Design of Everyday Life | Verso Books,https://www.versobooks.com/products/119-radical-technologies?srsltid=AfmBOopmSDPNklruxb6346BrqwRi2IqMjTZRcey8Zfs4xzz-TLCK0TCS,www.versobooks.com,1770809238,1770809251
Bookmark Bar / Citography / BOOKS JOURNALS,"Code and Clay, Data and Dirt",https://www.upress.umn.edu/9781517902445/code-and-clay-data-and-dirt/,www.upress.umn.edu,1770809249,1770809251
Bookmark Bar / Citography / BOOKS JOURNALS,Waste Is Information: Infrastructure Legibility and Governance | Books Gateway | MIT Press,https://direct.mit.edu/books/monograph/4485/Waste-Is-InformationInfrastructure-Legibility-and,direct.mit.edu,1770809278,1770809282
Bookmark Bar / Citography / BOOKS JOURNALS,Cartographic Abstraction in Contemporary Art: Seeing with Maps - 1st E,https://www.routledge.com/Cartographic-Abstraction-in-Contemporary-Art-Seeing-with-Maps/Reddleman/p/book/9780367354015,www.routledge.com,1770809289,1770809300
Bookmark Bar / Citography / BOOKS JOURNALS,Architectural Intelligence: How Designers and Architects Created the Digital Landscape | Books Gateway | MIT Press,https://direct.mit.edu/books/book/3643/Architectural-IntelligenceHow-Designers-and,direct.mit.edu,1770809308,1770809317
Bookmark Bar / Citography / BOOKS JOURNALS,Forensic Architecture: Violence at the Threshold of Detectability on JSTOR,https://www.jstor.org/stable/j.ctv14gphth,www.jstor.org,1770809315,1770809317
Bookmark Bar / Citography / BOOKS JOURNALS,The Metainterface,https://mitpress.mit.edu/9780262549677/the-metainterface/,mitpress.mit.edu,1770809372,1770809381
Bookmark Bar / Citography / BOOKS JOURNALS,If...Then: Algorithmic Power and Politics | Oxford Academic,https://academic.oup.com/book/6695,academic.oup.com,1770809400,1770813278
Bookmark Bar / Citography / BOOKS JOURNALS,James Bridle / New Dark Age,https://jamesbridle.com/books/new-dark-age,jamesbridle.com,1770809495,1770809504
Bookmark Bar / Citography / BOOKS JOURNALS,Review: [Untitled] on JSTOR,https://www.jstor.org/stable/27256515?seq=1,www.jstor.org,1770809560,1770809570
Bookmark Bar / Citography / BOOKS JOURNALS,Ways of Knowing Cities | Columbia University Press,https://cup.columbia.edu/book/ways-of-knowing-cities/9781941332580/,cup.columbia.edu,1770809572,1770809586
Bookmark Bar / Citography / BOOKS JOURNALS,Operative Mapping – Actar Publishers,https://actar.com/product/operative-mapping/,actar.com,1770809586,1770809602
Bookmark Bar / Citography / BOOKS JOURNALS,"Digital Media Ecologies: Entanglements of Content, Code and Hardware: Sy Taffel: Bloomsbury Academic - Bloomsbury",https://www.bloomsbury.com/us/digital-media-ecologies-9781501349263/,www.bloomsbury.com,1770809596,1770809602
Bookmark Bar / Citography / BOOKS JOURNALS,The Age of Surveillance Capitalism: The Fight for a Human Future at the New Frontier of Power - Book - Faculty & Research - Harvard Business School,https://www.hbs.edu/faculty/Pages/item.aspx?num=56791,www.hbs.edu,1770809607,1770809619
Bookmark Bar / Citography / BOOKS JOURNALS,Design Technics,https://www.upress.umn.edu/9781517906856/design-technics/,www.upress.umn.edu,1770809634,1770809646
Bookmark Bar / Citography / BOOKS JOURNALS,The Property Issue – Politics of Space and Data | ARCH+,https://www.archplus.net/en/english-publications/politics-of-space-and-data/,www.archplus.net,1770809650,1770809661
Bookmark Bar / Citography / BOOKS JOURNALS,Data Feminism,https://data-feminism.mitpress.mit.edu/,data-feminism.mitpress.mit.edu,1770809662,1770809678
Bookmark Bar / Citography / BOOKS JOURNALS,Superpowers of Scale - Andrés Jaque / Office for Political Innovation,https://officeforpoliticalinnovation.com/book/superpowers-of-scale/,officeforpoliticalinnovation.com,1770809676,1770809693
Bookmark Bar / Citography / BOOKS JOURNALS,"The Atlas of AI: Power, Politics, and the Planetary Costs of Artificial Intelligence on JSTOR",https://www.jstor.org/stable/j.ctv1ghv45t,www.jstor.org,1770809714,1770809744
Bookmark Bar / Citography / BOOKS JOURNALS,Investigative Aesthetics: Conflicts and Commons in the Politics of Truth | Verso Books,https://www.versobooks.com/products/2565-investigative-aesthetics?srsltid=AfmBOorMKKM4GyR9qAQ8zVUYd0nKq6gDctM2z5SQCXfNfqme3SicFcpD,www.versobooks.com,1770809746,1770809759
Bookmark Bar / Citography / BOOKS JOURNALS,A City Is Not a Computer: Other Urban Intelligences on JSTOR,https://www.jstor.org/stable/j.ctv1h9dgtj,www.jstor.org,1770809781,1770809793
Bookmark Bar / Citography / BOOKS JOURNALS,Terra Forma,https://mitpress.mit.edu/9780262046695/terra-forma/,mitpress.mit.edu,1770809839,1770809851
Bookmark Bar / Citography / BOOKS JOURNALS,Vertical Atlas,https://verticalatlas.net/,verticalatlas.net,1770809853,1770809866
Bookmark Bar / Citography / BOOKS JOURNALS,Radical Architectural Drawing | Wiley,https://www.wiley.com/en-us/Radical+Architectural+Drawing-p-9781119834281,www.wiley.com,1770809897,1770809899
Bookmark Bar / Citography / BOOKS JOURNALS,Epistemic Artefacts -,https://aadr.info/product/epistemic-artefacts/,aadr.info,1770809924,1770809947
Bookmark Bar / Citography / BOOKS JOURNALS,"Speculative Coolness: Architecture, Media, the Real, and the Virtual -",https://www.routledge.com/Speculative-Coolness-Architecture-Media-the-Real-and-the-Virtual/Cantley/p/book/9781032318868,www.routledge.com,1770809936,1770809947
Bookmark Bar / Citography / BOOKS JOURNALS,Operational Images,https://www.upress.umn.edu/9781517912116/operational-images/,www.upress.umn.edu,1770809951,1770809962
Bookmark Bar / Citography / BOOKS JOURNALS,"Living Surfaces: Images, Plants, and Environments of Media | Books Gateway | MIT Press",https://direct.mit.edu/books/oa-monograph/5799/Living-SurfacesImages-Plants-and-Environments-of,direct.mit.edu,1770809987,1770809999
Bookmark Bar / Citography / BOOKS JOURNALS,KITCHIN-9781509566525-EPDF.pdf,about:invalid#zGuavaz,,1770810009,1770810021
Bookmark Bar / Citography / BOOKS JOURNALS,Critical Data Studies: An A to Z Guide to Concepts and Methods | Wiley,https://www.wiley.com/en-us/Critical+Data+Studies%3A+An+A+to+Z+Guide+to+Concepts+and+Methods-p-9781509566549,www.wiley.com,1770810016,1770810021
Bookmark Bar / Citography / BOOKS JOURNALS,City Unseen - Google Books,https://www.google.be/books/edition/City_Unseen/k-pqDwAAQBAJ?hl=en&gbpv=0,www.google.be,1694071230,1770810738
Bookmark Bar / Citography / BOOKS JOURNALS,home - nai010 uitgevers / publishers,https://www.nai010.com/en/,www.nai010.com,1770810751,1770810757
Bookmark Bar / Citography / BOOKS JOURNALS,Datapolis - nai010 uitgevers / publishers,https://www.nai010.com/product/datapolis/,www.nai010.com,1770810773,1770810775
Bookmark Bar / Citography / BOOKS JOURNALS,ThinkArchitecture,http://www.thinkarchitecture.net/pages/platform-urbanism.html,www.thinkarchitecture.net,1770810820,1770810833
Bookmark Bar / Citography / BOOKS JOURNALS,Unbuilt - Google Books,https://www.google.be/books/edition/Unbuilt/G4JAEAAAQBAJ?hl=en&gbpv=1&printsec=frontcover,www.google.be,1694081582,1770810882
Bookmark Bar / Citography / BOOKS JOURNALS,All Data Are Local: Thinking Critically in a Data-Driven Society | mitpressbookstore,https://mitpressbookstore.mit.edu/book/9780262545174,mitpressbookstore.mit.edu,1695038102,1770810913
Bookmark Bar / Citography / BOOKS JOURNALS,Mediathek -,https://mediathek.hgk.fhnw.ch/ink/detail/zotero2-2641719.JNKVVH8M,mediathek.hgk.fhnw.ch,1770810996,1770813200
Bookmark Bar / Citography / BOOKS JOURNALS,Atlas of Digital Architecture,https://www.atlasofdigitalarchitecture.com/,www.atlasofdigitalarchitecture.com,1695143754,1770811032
Bookmark Bar / Citography / BOOKS JOURNALS,Understanding Spatial Media | SAGE Publications Inc,https://us.sagepub.com/en-us/nam/understanding-spatial-media/book245915,us.sagepub.com,1770811193,1770811200
Bookmark Bar / Citography / BOOKS JOURNALS,Essays — Mathur / Da Cunha,https://www.mathurdacunha.com/essays,www.mathurdacunha.com,1770811341,1770811348
Bookmark Bar / Citography / BOOKS JOURNALS,Architectural research and disciplinarity | arq: Architectural Research Quarterly | Cambridge Core,https://www.cambridge.org/core/journals/arq-architectural-research-quarterly/article/architectural-research-and-disciplinarity/540E6BB77F0F1BBC0065A6C18592287B,www.cambridge.org,1709752560,1770811722
